title,artist,af_score,review_date,pf_score,best_new_music,author,pub_date,id
(iii),crystal castles,4.0,2012-11-13,8.0,0.0,ian cohen,2012-11-12,1NIfkZIYVAO6vnfmFOilHc
...and then you shoot your cousin,the roots,4.0,2014-05-23,7.2,0.0,jayson greene,2014-05-23,6kYqws8vRcaUKTjFnJRb4X
1999,joey bada$$,7.0,2012-06-18,8.0,0.0,felipe delerme,2012-06-26,5ra51AaWF3iVebyhlZ1aqq
2,mac demarco,6.0,2012-10-30,8.2,1.0,sam hockley-smith,2012-10-31,0Skv3s5A99n7dstiJOs0aA
2014 forest hills drive,j. cole,6.0,2014-12-08,6.9,0.0,craig jenkins,2014-12-11,0UMMIkurRUmkruZ3KGBLtG
"22, a million",bon iver,5.0,2016-10-04,9.0,1.0,amanda petrusich,2016-09-30,4bJCKmpKgti10f3ltz6LLl
24k magic,bruno mars,7.0,2016-11-22,6.2,0.0,katherine st. asaph,2016-12-02,4PgleR09JVnm3zY1fW3XBA
25,adele,7.0,2015-11-23,7.3,0.0,amanda petrusich,2015-11-23,3AvPX1B1HiFROvYjLb5Qwi
3001: a laced odyssey,flatbush zombies,6.0,2016-03-15,7.2,0.0,kathy iandoli,2016-03-16,4Qohh8LwXoV7ucmjCU4MYL
36 seasons,ghostface killah,5.0,2014-12-07,6.0,0.0,ian cohen,2014-12-10,2MNtOTfhYOxIw5xWEQHUvZ
4 your eyez only,j. cole,6.0,2016-12-12,6.7,0.0,paul a. thompson,2016-12-14,3CCnGldVQ90c26aFATC1PW
50 words for snow,kate bush,7.0,2011-11-22,8.5,1.0,ryan dombal,2011-11-21,1sFrZZRJfBb3QHfcIgaRUP
6 feet beneath the moon,king krule,7.0,2013-08-29,7.3,0.0,jayson greene,2013-08-29,6uvdXVgHsioxRIo0cFnkD7
90059,jay rock,6.0,2015-09-15,8.0,0.0,craig jenkins,2015-10-01,1fsvlnonD95p6VTEdQ7zJn
93 million miles,africa hitech,8.0,2011-08-21,8.2,0.0,hari ashurst,2011-05-16,6If5OaFCWaoPUEdoUUIeWA
99.9%,kaytranada,6.0,2016-05-19,8.0,0.0,jonah bromwich,2016-05-13,6JD4Qerb8IcaAzFgpFw0sa
a head full of dreams,coldplay,5.0,2015-12-10,4.8,0.0,stuart berman,2015-12-04,3cfAM8b8KqJRoIzt3zLKqw
a moon shaped pool,radiohead,8.0,2016-05-10,9.1,1.0,jayson greene,2016-05-11,2ix8vWvvSp2Yo7rKMiWpkg
a new place 2 drown,archy marshall,4.0,2015-12-14,8.6,1.0,jayson greene,2015-12-11,74YcGj6qapwglRZqlY6bzL
a sailor's guide to earth,sturgill simpson,8.0,2016-04-26,8.0,0.0,corban goble,2016-04-19,5I3UdCxtIh6hkQ7rMPUvA4
a seat at the table,solange,8.0,2016-10-12,8.7,1.0,julianne escobedo shepherd,2016-10-05,3Yko2SxDk4hc6fncIBQlcM
a u r o r a,ben frost,5.0,2014-06-06,8.5,1.0,brandon stosuy,2014-05-30,6BNTT1PhboEhAW4Tsphx3e
a weird exits,thee oh sees,8.0,2016-08-19,7.5,0.0,stuart berman,2016-08-12,2c49IwWfBsMlrLSsyzPoBf
a world lit only by fire,godflesh,7.0,2014-10-18,8.0,0.0,jason heller,2014-10-06,1UbMFz1E6gcjrIvqohXoBk
aa,baauer,6.0,2016-03-22,7.3,0.0,jonah bromwich,2016-03-23,0BSElBH4VQnNOiTW4zNRO4
abandon all life,nails,7.0,2013-03-20,8.0,0.0,brandon stosuy,2013-04-04,0HCZqugYM0BJmzsJJs5Mb5
abyss,chelsea wolfe,8.0,2015-08-10,8.1,0.0,brandon stosuy,2015-08-07,7bDxnaImZCM2TJbsI1gMVi
abzu,absu,8.0,2011-10-19,7.4,0.0,grayson currin,2011-10-11,1esQITow8cGQZqn1XtNRrK
acid rap,chance the rapper,6.0,2013-05-07,8.4,1.0,jeff weiss,2013-05-07,2VBcztE58pBKjIDS5oEgFh
acousmatic sorcery,willis earl beal,4.0,2012-04-09,7.2,0.0,mark richardson,2012-04-02,3bq3v9Fp24GXbSQcOYpAuj
adore life,savages,6.0,2016-01-22,8.0,0.0,brandon stosuy,2016-01-18,2UutOV48eYbIPB6keWOqoP
aesthethica,liturgy,8.0,2011-05-12,8.3,0.0,jayson greene,2011-05-13,4qutu7PdlUa7ZdYzsXI1EW
afraid of heights,wavves,6.0,2013-04-01,7.8,0.0,larry fitzmaurice,2013-03-26,7tbCuIt9zm1fRQyH2berwK
album of the year,black milk,4.0,2010-09-20,7.5,0.0,nate patrin,2010-09-15,2ZQedN95ddF8NpF2t7DGhn
aleph,gesaffelstein,5.0,2013-12-09,7.8,0.0,jamieson cox,2013-11-08,3MiiF9utmtGnLVITgl0JP7
all eternals deck,the mountain goats,8.0,2011-03-01,8.1,0.0,grayson currin,2011-03-28,2owrP2lU6hfC5sffrloIc0
all love's legal,planningtorock,10.0,2014-04-01,7.5,0.0,jessica suarez,2014-02-14,0Cc7BlKV0vZnGPx0fAFqY7
all things will unwind,my brightest diamond,6.0,2011-11-06,6.5,0.0,amanda petrusich,2011-10-19,3yymXzDoa1lX5UvhMTSYZd
all we need,raury,5.0,2015-10-24,6.8,0.0,sheldon pearce,2015-10-16,5UOaWbjsdPwjPzzQbCGPWl
alone together,karriem riggins,8.0,2012-10-23,7.8,0.0,jonah bromwich,2012-11-09,3Z295aI1J54wiMXVkj21wu
always strive and prosper,a$ap ferg,2.0,2016-04-26,7.3,0.0,kathy iandoli,2016-04-26,2h5LDCGJCWUyaoEXQZHky6
am,arctic monkeys,3.0,2013-09-08,8.0,0.0,ryan dombal,2013-09-11,78bpIziExqiI9qztvNFlQu
america,dan deacon,5.0,2012-09-07,7.1,0.0,jess harvell,2012-08-30,0zoMcjh0JGi1tb53kKr49e
americana,neil young,7.0,2012-06-06,6.1,0.0,stuart berman,2012-06-01,1VfoJdwAjt5vbcg8TuczNY
amnesty (i),crystal castles,4.0,2016-08-24,6.8,0.0,evan rytlewski,2016-08-30,03CgI5yzuOcyRkkDOyCazP
amok,atoms for peace,7.0,2013-02-26,6.9,0.0,stuart berman,2013-02-25,77Ie9frENeQwYUGHrrS0pk
an awesome wave,alt-j,8.0,2012-10-05,4.8,0.0,laura snapes,2012-09-28,6k3vC8nep1BfqAIJ81L6OL
an object,no age,6.0,2013-08-17,6.2,0.0,ian cohen,2013-08-20,1d5SkzRqi6YjMljh4f3gWb
anchor,zammuto,6.0,2014-09-01,5.1,0.0,larry fitzmaurice,2014-09-05,4iP9V87AekuxNCddqN1oH2
angel guts: red classroom,xiu xiu,7.0,2014-02-18,6.6,0.0,ian cohen,2014-02-05,7nox0SRTfTyUKyfbNusbbN
angles,the strokes,7.0,2011-03-24,5.9,0.0,ryan dombal,2011-03-21,6Jx4cGhWHewTcfKDJKguBQ
annabel dream reader,the wytches,8.0,2014-12-05,5.8,0.0,jason heller,2014-08-27,2F9zOHHom6ADDZEeGyDPga
another eternity,purity ring,4.0,2015-03-31,6.6,0.0,ian cohen,2015-03-02,28dGCkeoBowoDG6ePFSuYd
another one,mac demarco,7.0,2015-07-31,7.3,0.0,jeremy gordon,2015-08-04,5FiDVzxLqGtYjF5yzmMoj4
anthems for doomed youth,the libertines,6.0,2015-09-16,7.7,0.0,laura snapes,2015-09-07,6Bzm5G8D3k0BBnj4H8rEpC
anti,rihanna,4.0,2016-02-01,7.7,0.0,amanda petrusich,2016-02-01,48i37aZTC1prDr4EcpQeEa
apocalypse,bill callahan,6.0,2011-04-25,8.0,0.0,mike powell,2011-04-13,13VVtuvboNAaPFcKsQsjLP
apocalypse,thundercat,3.0,2013-06-10,8.2,0.0,nate patrin,2013-06-07,2qqVy8a4qk9FCt00hal9vl
apollo kids,ghostface killah,8.0,2010-12-21,7.3,0.0,ian cohen,2011-01-03,3hPl7uRfNdRvoRW0kUzkVk
ardipithecus,willow,3.0,2015-12-18,5.8,0.0,cameron cook,2016-01-07,0oFPwpDPEsrIYoeGZLFQUv
ardour,teebs,6.0,2010-11-12,8.0,0.0,nate patrin,2010-11-09,6Fi4WPOqh5JAzLe2m1Dg3T
are we there,sharon van etten,6.0,2014-05-29,8.2,0.0,stephen m. deusner,2014-05-27,6EQWzHbd3EYO8J4EAIJst4
art angels,grimes,7.0,2015-11-09,8.5,1.0,jessica hopper,2015-11-10,1t9k2P4C88alWEikeJb4mI
"asunder, sweet and other distress",godspeed you! black emperor,6.0,2015-03-25,7.6,0.0,mark richardson,2015-04-01,5PafRMGGWCTcsrnutA2ZIX
at echo lake,woods,8.0,2010-05-12,8.0,0.0,rob mitchum,2010-05-10,45YGCEh09Ji6rdHjPgNdw8
atlas,real estate,3.0,2014-03-11,8.8,1.0,jayson greene,2014-03-03,5k7WCAZPSbJYzjW5SCQ5sn
atrocity exhibition,danny brown,9.0,2016-09-30,8.5,1.0,matthew ramirez,2016-10-03,5pjvBM0oPH7RNcgPKxIJmR
aureate gloom,of montreal,6.0,2015-03-16,7.0,0.0,jeremy d. larson,2015-03-04,0srjjj6eDgNMZRLppF2T11
autumn eternal,panopticon,8.0,2015-11-05,7.5,0.0,saby reyes-kulkarni,2015-10-20,32lW13bcC2gaiS7Zke8rVw
awake,tycho,6.0,2014-03-23,7.0,0.0,nick neyland,2014-03-18,0GjrPTT00KWsalUi8jnpR9
awe naturale,theesatisfaction,8.0,2012-03-26,7.5,0.0,carrie battan,2012-03-29,5Tc8E8lvxZTCliGTua3fr1
b4.da.$$,joey bada$$,8.0,2015-01-20,7.0,0.0,nate patrin,2015-02-03,1rJXQEZ5DnUalRSPB3R0WO
baby,white hinterland,8.0,2014-04-03,7.2,0.0,paula mejia,2014-04-04,1KsomaqFpRZYopWw8sR7Pv
bad vibes,shlohmo,7.0,2011-09-02,7.8,0.0,nate patrin,2011-08-11,5KRR8tyAUT6bcMOsCfM2Lh
bankrupt!,phoenix,5.0,2013-05-09,7.5,0.0,stuart berman,2013-04-22,1s7a0VpP3aNEubiTgx6YlU
beach music,alex g,6.0,2015-10-14,7.2,0.0,pat healy,2015-10-08,0aABjw7BY2iRsK4ZdkwSjF
beams,matthew dear,8.0,2012-08-27,7.3,0.0,larry fitzmaurice,2012-08-28,7xSbqF9ZBsea0W8YFIUn1f
beat the champ,the mountain goats,8.0,2015-04-17,6.6,0.0,jeremy gordon,2015-04-06,4i54Kl9bCNCVJeeflih1rB
beautiful rewind,four tet,7.0,2013-11-05,7.4,0.0,andrew gaerig,2013-10-17,7gN7gWms3Uz0GLLtLYHybk
beauty behind the madness,the weeknd,5.0,2015-08-26,7.2,0.0,andrew ryce,2015-09-02,36yJ6fcaSCVsK1tybnNizj
because the internet,childish gambino,5.0,2013-12-10,5.8,0.0,craig jenkins,2013-12-12,4GNIhgEGXzWGAefgN5qjdU
becoming a jackal,villagers,6.0,2010-06-16,6.9,0.0,marc hogan,2010-06-11,7iv57BJ8hQM3Zo8wfZ65Nx
before a million universes,big ups,8.0,2016-03-04,7.6,0.0,quinn moreland,2016-03-11,5LPWhNZysA8WXaBCmaHspR
belong,the pains of being pure at heart,8.0,2011-03-26,8.2,1.0,ian cohen,2011-04-01,07XfK9e1xTp1zmBSUWLIgz
bend beyond,woods,7.0,2012-09-17,8.1,0.0,steven hyden,2012-09-18,5CMHNfabEoFCjYPIosFcSR
benji,sun kil moon,9.0,2014-02-20,9.2,1.0,ian cohen,2014-02-03,2y2QZ4uDpzoZHgH2il5Ktu
bestial burden,pharmakon,5.0,2014-10-31,8.4,1.0,larry fitzmaurice,2014-10-15,6BejmDVPKDJkpoyYjmGXeN
beyond the fleeting gales,crying,8.0,2016-10-21,7.1,0.0,colin joyce,2016-10-26,4JjJcCjI0a7uVGmQZZyRAZ
birds in the trap sing mcknight,travis scott,3.0,2016-09-07,7.2,0.0,matthew strauss,2016-09-08,42WVQWuf1teDysXiOupIZt
bish bosch,scott walker,7.0,2012-12-04,8.0,0.0,mike powell,2012-12-03,4oWUnRY3vid51jMl8oXKtE
black america again,common,5.0,2016-12-07,7.9,0.0,edwin stats houghton,2016-11-04,2DTbGcv40CSMW0P4yAQQBa
black city,matthew dear,7.0,2010-10-24,8.4,1.0,joe colly,2010-08-13,3URWHvduHqKfb2l7kXIdoN
black metal,dean blunt,8.0,2014-11-12,7.3,0.0,colin joyce,2014-11-17,7JFr7lrgJY7PdXuQV6L1SG
black terry cat,xenia rubinos,8.0,2016-06-11,8.0,0.0,laura snapes,2016-06-08,7hpaJ75FV7MYcKER1px2Uv
black up,shabazz palaces,8.0,2011-06-28,8.8,1.0,eric grandy,2011-06-27,2dNexssEWbK7rgh0veTjjz
blackenedwhite,mellowhype,6.0,2011-07-28,8.1,0.0,tom breihan,2010-11-12,5TiOZAl59VAsAfL3hvJo49
blade of the ronin,cannibal ox,5.0,2015-03-04,6.7,0.0,winston cook-wilson,2015-03-10,7kK6lPyKV0bWiRHyGwmabF
blissfucker,trap them,5.0,2014-06-10,7.3,0.0,jason heller,2014-06-27,4UvIV3bGAXNEfTzJp1Wl5w
blonde,frank ocean,8.0,2016-08-23,9.0,1.0,ryan dombal,2016-08-25,3mH6qwIy9crq0I9YQbOuDf
blood,lianne la havas,8.0,2015-08-05,7.7,0.0,hannah giorgis,2015-07-28,0OyUgwL97FT5MWpBLqL6br
blood for the master,goatwhore,7.0,2012-02-17,4.8,0.0,grayson currin,2012-02-22,3pcqyG46XxOrZb2rAyIdpm
blood pressures,the kills,4.0,2011-04-22,6.4,0.0,stuart berman,2011-04-06,0PjRCiXdp6TQPXojFRB0AX
bloom,beach house,8.0,2012-05-14,9.1,1.0,lindsay zoladz,2012-05-14,0AL7olZ75pi55q9p1eHaD8
blue,iamamiwhoami,6.0,2014-11-16,6.1,0.0,sasha geffen,2014-11-17,0mECQjDNmBl1vThYWBQX5D
blue slide park,mac miller,5.0,2011-11-18,1.0,0.0,jordan sargent,2011-12-08,6VhDYmsjHqRxKXd0z7hmXI
blue suicide,coma cinema,7.0,2011-05-27,7.2,0.0,zach kelly,2011-05-25,5z2CoCLOZfFwqbNzfYCCyB
blunderbuss,jack white,6.0,2012-04-24,7.8,0.0,ryan dombal,2012-04-23,6eSJ0lu0uwtiqXkP7Qrrno
body music,alunageorge,7.0,2013-08-02,7.6,0.0,carrie battan,2013-07-29,22MbdINYz4lQ1Y087qG7YO
book burner,pig destroyer,6.0,2012-10-24,8.0,0.0,jess harvell,2012-10-22,604JFtgeDXfwIRVqZtaCZg
born in the echoes,the chemical brothers,7.0,2015-07-21,7.8,0.0,ryan dombal,2015-07-15,1q0jQYnlRLdaEreh2eagTy
born sinner,j. cole,5.0,2013-06-25,6.0,0.0,corban goble,2013-06-21,6FhFyGMPDbGjXXxXukKcnq
bottomless pit,death grips,9.0,2016-05-09,8.1,0.0,zoe camp,2016-05-12,4dIPUQHheyH9e6ioplvNT2
boy,carla bozulich,8.0,2014-04-21,7.6,0.0,matthew murphy,2014-03-26,1ycMsBf4UtuXp8pZmGVoVn
breakthrough,the gaslamp killer,8.0,2012-09-25,7.7,0.0,nate patrin,2012-09-19,0C6Axf37EzoQtUFEldhc6n
broke with expensive taste,azealia banks,5.0,2014-11-11,8.0,0.0,craig jenkins,2014-11-11,6ptPMZzScoFqSVfzph6m9B
brothers,the black keys,7.0,2010-05-18,7.7,0.0,larry fitzmaurice,2010-05-19,7qE6RXYyz5kj5Tll7mJU0v
built on glass,chet faker,3.0,2014-04-22,7.3,0.0,jake cleland,2014-04-15,2FbRuA1BINXCgNRaHmKbUS
burst apart,the antlers,4.0,2011-05-04,8.2,1.0,ian cohen,2011-05-12,72TZ7r8KGemXg95hq6zyPc
bush,snoop dogg,5.0,2015-05-15,6.5,0.0,julian kimble,2015-05-13,6VCjQZqZ0lhp9wBby3Djfh
business casual,chromeo,9.0,2010-09-15,6.9,0.0,larry fitzmaurice,2010-09-22,0K46GsiLoxvZRfDbhqlUlk
camp,childish gambino,2.0,2011-11-08,1.6,0.0,ian cohen,2011-12-02,32KdoFFhgjCLdU0DWL71tx
carrie & lowell,sufjan stevens,7.0,2015-03-24,9.3,1.0,brandon stosuy,2015-03-30,64xtjfsPHNHch0CZ7fPTjS
celebration rock,japandroids,5.0,2012-06-05,8.8,1.0,ian cohen,2012-05-29,2sY9WYVH022ulyAYaqvXLW
celestial lineage,wolves in the throne room,6.0,2011-09-12,8.6,1.0,brandon stosuy,2011-09-23,3LHSxySCaooKrQxuLtuYSV
celestite,wolves in the throne room,8.0,2014-07-15,4.7,0.0,grayson haver currin,2014-07-10,3CZ1efJZ8G1hDBETkFuoxw
centipede hz,animal collective,6.0,2012-09-05,7.4,0.0,stuart berman,2012-09-04,1XtUILwRT4o8Yyl0m8USSK
cerebral ballzy,cerebral ballzy,3.0,2011-08-11,4.8,0.0,david raposa,2011-09-29,5hGl0kNVr8DKZUMbJqZcES
cerulean,baths,8.0,2010-07-21,8.2,0.0,ian cohen,2010-07-09,207dovplLKyzKkCcopO9Hl
channel orange,frank ocean,7.0,2012-07-11,9.5,1.0,ryan dombal,2012-07-12,392p3shh2jkxUxY2VHvlH8
circuital,my morning jacket,5.0,2011-05-31,7.2,0.0,amanda petrusich,2011-05-31,2ee3xMjrF3jNRAw3FsqwJb
citizen zombie,the pop group,9.0,2015-02-24,2.4,0.0,stephen m. deusner,2015-02-26,1as5fPtHaDlvlvsR5LtdCj
city sun eater in the river of light,woods,7.0,2016-07-12,7.6,0.0,evan rytlewski,2016-04-07,1LGBxdl9JbgEn0cuaVJRUY
clash the truth,beach fossils,8.0,2013-02-20,5.8,0.0,ian cohen,2013-02-18,4qC8mysA680i7chkL3JQQw
clear moon,mount eerie,7.0,2012-05-23,8.3,1.0,jayson greene,2012-05-22,2ax4L3eaLqiQoVtelJm8FJ
clinging to a scheme,the radio dept.,8.0,2010-06-17,8.3,1.0,larry fitzmaurice,2010-04-26,7L8jW9rY040uDZnnIYtSdG
clppng,clipping.,9.0,2014-06-02,5.6,0.0,miles raymer,2014-06-13,4jXGCAzUw7ZEccL3UoIjvT
cobra juicy,black moth super rainbow,5.0,2012-11-01,7.6,0.0,jeff weiss,2012-10-26,2CFZcziJAbNfuwSl4wpsAo
codes and keys,death cab for cutie,7.0,2011-06-02,5.0,0.0,larry fitzmaurice,2011-06-01,26HVbJdxW1zC799gz8yzUr
coexist,the xx,4.0,2012-09-12,7.5,0.0,mark richardson,2012-09-10,4SXTQ305LjMh2DBHA3CXIW
cole world: the sideline story,j. cole,6.0,2011-09-30,6.1,0.0,jayson greene,2011-09-30,0fhmJYVhW0e4i33pCLPA5i
colored sands,gorguts,8.0,2013-09-02,8.2,0.0,hank shteamer,2013-08-26,1qhgbP27HYf4iCiLbquXys
comedown machine,the strokes,5.0,2013-03-21,6.1,0.0,ian cohen,2013-03-25,4WnkQO4xD9ljQooB3VIxCV
confess,twin shadow,5.0,2012-07-10,8.6,1.0,ian cohen,2012-07-06,6qbgnofWMbIjD4X8kYlx1r
control system,ab-soul,8.0,2012-05-16,8.1,0.0,jayson greene,2012-06-05,26RLXRJA7aOOffZJGjUaSW
cosmogramma,flying lotus,8.0,2010-05-05,8.8,1.0,joe colly,2010-05-06,5c7XChrHxYaqykCZLaGM5f
crazy clown time,david lynch,5.0,2011-11-08,6.1,0.0,mike powell,2011-11-08,76rTsKTssez67mK7FtdH0X
crazy for you,best coast,5.0,2010-07-26,8.4,1.0,larry fitzmaurice,2010-07-27,7bopw2yiGMnUzXUH1ayvTe
creep on creepin' on,timber timbre,8.0,2011-04-10,6.7,0.0,paul thompson,2011-05-13,3UlogGhdqkb2ymkzNNuDrK
crush,abe vigoda,4.0,2010-10-04,7.8,0.0,marc masters,2010-09-17,5kTf7CvY6ttD513eCfqKPy
cults,cults,4.0,2011-06-26,8.5,1.0,joe tangari,2011-06-06,5j2QDYH0Q6humuM5Ys86eF
cupid deluxe,blood orange,2.0,2013-11-25,8.5,1.0,ryan dombal,2013-11-13,1bsLkHcWAGUao6Z1dHOEIB
currents,tame impala,7.0,2015-07-14,9.3,1.0,ian cohen,2015-07-13,79dL7FLiJFOO0EoehUHQBv
damogen furies,squarepusher,6.0,2015-04-20,7.3,0.0,winston cook-wilson,2015-04-20,0ltizdz0IJilaMxx3LKuPp
dark bird is home,the tallest man on earth,6.0,2015-05-10,6.7,0.0,jeremy d. larson,2015-05-11,1Bz5pzlT3m7uJp1534Ma5V
dark comedy,open mike eagle,8.0,2014-06-24,8.0,0.0,nate patrin,2014-06-20,3hSppPElM044DnIafFTg96
dark red,shlohmo,6.0,2015-04-08,5.9,0.0,jonah bromwich,2015-04-07,0YXO93VbnFFXMf6R5gf729
david comes to life,fucked up,5.0,2011-06-13,8.6,1.0,larry fitzmaurice,2011-06-08,4nQlvOMRy08z0sgT4O4Ihq
days with dr. yen lo,dr. yen lo,6.0,2015-05-25,8.0,0.0,winston cook-wilson,2015-05-26,6LbpxGSlBiby2Un2YMqe36
de vermis mysteriis,high on fire,8.0,2012-04-04,8.2,0.0,brandon stosuy,2012-04-06,2p2JekOEQ4llSWDWLZRhkQ
dealer,foxing,3.0,2015-11-02,7.6,0.0,ian cohen,2015-11-06,7nVLbTV7JrJ5ohUbPjvSlN
death magic,health,5.0,2015-08-17,7.8,0.0,t. cole rachel,2015-08-03,2a5KZ4rwrXIm28LvcyjYz5
depression cherry,beach house,6.0,2015-08-21,8.4,1.0,jayson greene,2015-08-18,5tTmosmyV33wCiwniZc4Qs
devotion,jessie ware,4.0,2012-08-22,8.5,1.0,ryan dombal,2012-08-17,1S0TageSPtTWcZSfdwg67Q
dissed and dismissed,tony molina,7.0,2014-04-05,7.5,0.0,lindsay zoladz,2014-03-25,0M9cDMEpqJgz6V6AynA7Sy
dissociation,the dillinger escape plan,7.0,2016-10-22,6.9,0.0,saby reyes-kulkarni,2016-11-02,6K7w4elSgFuj3x787Zvf1V
do what thou wilt.,ab-soul,7.0,2016-12-13,4.4,0.0,sheldon pearce,2016-12-22,1CEeqK9sKrE7LzUHeT3bfP
does it look like i'm here?,emeralds,6.0,2010-06-26,8.3,1.0,philip sherburne,2010-06-09,69mR7YiwQTw7nvlFKBOp7Y
doris,earl sweatshirt,6.0,2013-08-26,8.3,1.0,craig jenkins,2013-08-19,5vRfIDOPJHy3W2wHWbzLlE
dour candy,billy woods,7.0,2013-07-08,7.8,0.0,nate patrin,2013-08-14,0xNc2ff7Q6CX3wkfZ1iIMO
down there,avey tare,5.0,2010-10-17,7.9,0.0,larry fitzmaurice,2010-10-25,6ttLfw2Z9Wbxu3paarz6h0
dream river,bill callahan,8.0,2013-09-24,8.5,1.0,lindsay zoladz,2013-09-17,6qkzBXQvWjnyNCRDQRPpJ4
dreams worth more than money,meek mill,7.0,2015-07-03,7.4,0.0,matthew ramirez,2015-07-06,2O3OKOYCub892PUGprsaQo
drone logic,daniel avery,8.0,2013-11-19,7.2,0.0,andrew gaerig,2013-10-23,40CBXF9jJwK21mrqlmBr92
drones,muse,5.0,2015-06-10,4.5,0.0,ian cohen,2015-06-09,7iXImlGs9MxR7VTSNkO2Go
dross glop,battles,6.0,2012-04-23,7.8,0.0,laura snapes,2012-04-17,1WSHvpxWbV3DbE6h36jtmu
dude incredible,shellac,6.0,2014-10-07,8.0,0.0,nick neyland,2014-09-19,7xFjG0lq3zXqtc2j1gtf8c
dumb flesh,blanck mass,6.0,2015-05-15,7.6,0.0,nathan reese,2015-05-13,7qcCqfT2FlxsSLR1iTcHIu
dye it blonde,smith westerns,7.0,2011-01-18,8.4,1.0,david bevan,2011-01-18,50edStrds1JJ7521AbxUKv
dynamics,holy ghost!,7.0,2013-09-11,6.3,0.0,nate patrin,2013-09-18,7naUgxnqWl8VGrzKvMeX1Q
dysnomia,dawn of midi,5.0,2013-08-30,7.9,0.0,jeremy d. larson,2013-08-06,4wCpIX2LVk3lZkh4crNPtJ
earthee,theesatisfaction,7.0,2015-02-20,6.8,0.0,safy-hallan farah,2015-02-25,3MOZwEtthWfQToFXFkb00G
eat pray thug,heems,4.0,2015-03-10,6.3,0.0,jayson greene,2015-03-11,6y8FPX1d76PLgTuu2FvFAL
eclipse,twin shadow,3.0,2015-04-13,4.9,0.0,jayson greene,2015-03-20,4MkY7K5eyXl0Ts42KLCyir
ego death,the internet,5.0,2015-07-09,7.4,0.0,craig jenkins,2015-07-09,6VRHTAqFOO5qqznRZ5cUys
eighteen hours of static,big ups,8.0,2014-03-25,7.0,0.0,paul thompson,2014-01-17,2tpHiwd2jLLVR4gi4G8YEI
el camino,the black keys,6.0,2011-12-05,7.4,0.0,rob harvilla,2011-12-02,5DLhV9yOvZ7IxVmljMXtNm
el pintor,interpol,6.0,2014-10-02,5.9,0.0,larry fitzmaurice,2014-09-08,0YAtJCLY8ogFUjdopdHsyS
emotion,carly rae jepsen,7.0,2015-08-24,7.4,0.0,corban goble,2015-08-17,08MsbKas4UJKhbJlAnAyfB
emotional mugger,ty segall,8.0,2016-01-18,7.3,0.0,evan minsker,2016-01-19,5117nxIQNXWAERUh4xQ8A3
entrench,ken mode,7.0,2013-03-26,8.2,0.0,grayson haver currin,2013-03-21,3ggzz5UXOEmmNwcKQj5cXF
epic,sharon van etten,7.0,2010-10-14,7.8,0.0,david bevan,2010-10-07,7mfSdEokzQjI5AxwrRauZv
esoteric warfare,mayhem,7.0,2014-06-12,7.6,0.0,grayson haver currin,2014-06-06,5BLMX09kVilcrVjl6yBCEN
every open eye,chvrches,5.0,2015-10-16,7.7,0.0,ian cohen,2015-09-28,0QNU8SCLBs3HEZsUQfCfy7
everyday robots,damon albarn,5.0,2014-05-07,7.0,0.0,mike powell,2014-04-28,5SzhltQSSi1HUMi5cveZIZ
everything in between,no age,6.0,2010-09-27,8.8,1.0,paul thompson,2010-09-28,39ncHUEk930l1qeRri58IJ
everything will be alright in the end,weezer,7.0,2014-10-16,6.5,0.0,ian cohen,2014-10-02,5bwoCpDhski3iIxwsdgPTM
excavation,the haxan cloak,8.0,2013-05-01,8.7,1.0,nick neyland,2013-04-17,2iMuDUx0AkuUemuFtmhUG1
exhausting fire,kylesa,7.0,2015-11-11,7.4,0.0,brandon stosuy,2015-10-12,5FLIlg8fdg6BU0BHrN1bqB
expo 86,wolf parade,6.0,2010-06-29,7.5,0.0,paul thompson,2010-06-29,16IUCg94zmGIgEz09v003g
face tat,zach hill,5.0,2010-10-20,7.5,0.0,matthew murphy,2010-10-13,4YM04MdeuE7h3mziHsvy9v
fade,yo la tengo,7.0,2013-01-15,8.1,0.0,stuart berman,2013-01-14,4K71YbvB0dq9tfym242YDh
fading frontier,deerhunter,6.0,2015-10-22,8.4,1.0,ian cohen,2015-10-12,7tok2dhbMVrWGgnAaC08QE
faith in strangers,andy stott,7.0,2014-11-26,8.4,1.0,grayson haver currin,2014-11-21,1BzMONuUlgUnqOrg2aQeAY
false priest,of montreal,5.0,2010-09-09,6.7,0.0,rob mitchum,2010-09-15,5SFAreGbKibBApvimb4srL
fantasy empire,lightning bolt,7.0,2015-03-12,8.0,0.0,brandon stosuy,2015-03-18,0Z0aI5ATk4kmQfTSANB0Z1
fashion week,death grips,7.0,2015-01-11,6.6,0.0,nate patrin,2015-01-13,0T0hdMTypoYTFhgk4ugXkN
fetch,melt-banana,9.0,2013-10-12,7.8,0.0,jason heller,2013-10-01,4C8VqFE4h4KWIsbAViqIby
fever,sleepy sun,7.0,2010-06-03,6.1,0.0,grayson currin,2010-06-30,3PmIQlefjUIPlp6bnZgCfH
fever hunting,modern life is war,7.0,2013-08-12,7.9,0.0,ian cohen,2013-09-17,0ongZyanhSd5wuBN294ue3
fires within fires,neurosis,8.0,2016-09-29,7.1,0.0,jason heller,2016-10-06,4Lu4kKYJw7Kb88beZWHla9
floating coffin,thee oh sees,5.0,2013-04-17,8.0,0.0,evan minsker,2013-04-15,6UpdRU3P0AAMA6MVCzsW3c
forever,holograms,6.0,2013-09-04,7.1,0.0,jeremy d. larson,2013-09-03,7tByChmBeO75lb2Gqehlkl
forget,twin shadow,8.0,2010-10-05,8.4,1.0,liz colville,2010-10-04,7d6GVneSSkKLYcD0ga5tfk
foundations of burden,pallbearer,6.0,2014-08-26,8.6,1.0,brandon stosuy,2014-08-12,5hcHyM3KYY97gUZzfRlNZb
four,bloc party,7.0,2012-08-24,4.9,0.0,ian cohen,2012-08-15,0AGiSBsS2q6BXgfDHNy9kb
free tc,ty dolla $ign,6.0,2015-11-22,7.7,0.0,rebecca haithcoat,2015-11-16,1NRfRc8JCu0iTzAPArjM7H
freetown sound,blood orange,6.0,2016-07-04,8.8,1.0,marcus j. moore,2016-06-30,3Z2XUjgVj5ZkCGpU7b2qtY
frozen niagara falls,prurient,8.0,2015-05-20,8.5,1.0,andy o'connor,2015-05-14,5Pm2WvqxlDttK4hTx1vKe3
full of hell & merzbow,full of hell,8.0,2014-12-09,5.5,0.0,andy o'connor,2014-12-03,5TOfimDwyiJ71grEQMd9UH
gemini,wild nothing,7.0,2010-07-27,8.2,1.0,ian cohen,2010-06-03,3hxVFxpF7uUtjLHzvGIm7W
genesis,domo genesis,4.0,2016-04-02,7.2,0.0,sheldon pearce,2016-03-28,3mhZHDmHvIUAeAYH7MrXBW
get to heaven,everything everything,8.0,2015-07-15,7.2,0.0,laura snapes,2015-06-26,2UJUCicAuQjIqBOFIvPzIx
ghettoville,actress,8.0,2014-01-29,6.7,0.0,andrew gaerig,2014-01-28,1s9lj939pdr2ZvZiHWrDrU
ghost stories,coldplay,4.0,2014-06-03,4.4,0.0,larry fitzmaurice,2014-05-20,2G4AUqfwxcV1UdQjm2ouYr
give me my flowers while i can still smell them,blu & exile,7.0,2012-10-20,6.8,0.0,jonah bromwich,2012-08-30,1EXBIXnbaOZx2ydlsGj3K8
given to the wild,the maccabees,5.0,2012-01-31,4.0,0.0,hari ashurst,2012-02-13,7hRcDIP5CKDlCnjHVPb9qd
glass swords,rustie,7.0,2011-10-13,8.0,0.0,jess harvell,2011-10-18,13kdLV4OxOBbqnGcJqkcKS
gliss riffer,dan deacon,5.0,2015-02-27,7.2,0.0,winston cook-wilson,2015-02-23,7c0DRALsdT9K7FLQBTR9PS
gloss drop,battles,9.0,2011-06-09,7.4,0.0,jess harvell,2011-06-07,1O58FiA79FsPVDezRyTlU3
go tell fire to the mountain,wu lyf,5.0,2011-06-15,8.4,1.0,ian cohen,2011-06-23,0h3OHv0VdzfFSuqK4kGQO4
go:od am,mac miller,7.0,2015-09-22,7.3,0.0,tayler montague,2015-10-08,2Tyx5dLhHYkx6zeAdVaTzN
goddess,banks,5.0,2014-09-25,5.0,0.0,andrew ryce,2014-09-09,6zi2ew1VBzNNJx81oj2orB
gore,deftones,4.0,2016-04-14,7.8,0.0,ian cohen,2016-04-12,3tsXyEbUQehXPaRFCS8K1n
gossamer,passion pit,6.0,2012-08-02,8.4,1.0,ian cohen,2012-07-23,5xyvj8XTPRjS1rpVCgIgVL
government plates,death grips,6.0,2013-11-18,8.4,1.0,ian cohen,2013-11-19,3T01oOjbrox1jz0pR112oV
green language,rustie,3.0,2014-08-28,7.2,0.0,philip sherburne,2014-08-27,5xqK3YKGbQLKDoRVMTstGz
grinderman 2,grinderman,7.0,2010-09-13,8.1,0.0,sean fennessey,2010-09-16,5XqENSDSTSveo4eBTwjrW1
habits & contradictions,schoolboy q,5.0,2012-01-17,8.4,1.0,jayson greene,2012-01-27,6Xz8eKy8TeAyzwGr8QSOAS
halcyon digest,deerhunter,8.0,2010-09-24,9.2,1.0,marc hogan,2010-09-27,3a3Yp0PRguSTH3dBOeWRyZ
half way home,angel olsen,7.0,2012-11-27,8.0,0.0,laura snapes,2012-09-12,2CQY5a9aqLxICQjFfsMIOf
hanging gardens,classixx,6.0,2013-05-24,7.8,0.0,larry fitzmaurice,2013-05-31,6tMBd9qvATHZmf2FI3IRY1
harmlessness,the world is a beautiful place & i am no longer afraid to die,7.0,2015-10-18,7.9,0.0,evan rytlewski,2015-09-28,6yJAGomK5rv3uAqJMw5d9n
harmonicraft,torche,8.0,2012-04-30,6.5,0.0,grayson currin,2012-04-23,4m2nF2XI6ZF6qhUXoYwmJu
hasta la muerte,xibalba,8.0,2012-08-17,7.0,0.0,brandon stosuy,2012-08-20,59ikKbPptmpb3l2ImEK8vW
have you in my wilderness,julia holter,9.0,2015-09-28,8.4,1.0,winston cook-wilson,2015-09-18,0EiGGBzF9wzJn2X8F0Yvjh
heartthrob,tegan and sara,3.0,2013-02-04,7.3,0.0,laura snapes,2013-01-28,5IUJ6v408Z7pECC3BXUJxX
held,holy other,6.0,2012-08-31,8.0,0.0,ruth saxelby,2012-09-14,4ndLrtcRqwCoBc0UBH1XHi
helplessness blues,fleet foxes,9.0,2011-05-02,8.8,1.0,larry fitzmaurice,2011-05-02,6SUzec8cWCUMhvdW3KbMYZ
here and nowhere else,cloud nothings,6.0,2014-04-08,8.7,1.0,ian cohen,2014-03-31,4mbQAXtP8Kuhq04oriFyYy
heritage,opeth,5.0,2011-09-25,6.9,0.0,brandon stosuy,2011-09-27,6I6rZw3H59ka6nDYsXcpDC
hesitation marks,nine inch nails,6.0,2013-09-09,7.0,0.0,stuart berman,2013-09-03,26m96TIXkNAiL4fl4aiFvd
high violet,the national,6.0,2010-05-11,8.7,1.0,andrew gaerig,2010-05-10,3mX8oKajxXEBNNATCKLLPd
hippies,harlem,7.0,2010-05-20,8.1,0.0,david bevan,2010-04-06,3Ax3inYpZtVJulh5mu5ENs
holkham drones,luke abbott,8.0,2010-10-13,7.5,0.0,andrew gaerig,2010-10-11,2x1yXwFPvn4ssDc5vavFEi
holographic violence,grave babies,6.0,2015-08-11,6.4,0.0,cameron cook,2015-08-04,3vlWoPlrhVuZ5xp5T9JAdm
holy fire,foals,5.0,2013-02-14,7.6,0.0,ian cohen,2013-02-12,6SBkXTPlJ3oEaFwRm5o2lD
holy ghost,modern baseball,7.0,2016-05-23,7.7,0.0,ian cohen,2016-05-16,0XvjdaLFvJ510mcmVXriw7
holy ghost!,holy ghost!,8.0,2011-04-07,7.1,0.0,nate patrin,2011-04-01,5sxXPadbA1iXwhpSoEbnEC
home,nosaj thing,5.0,2013-01-22,7.8,0.0,jonah bromwich,2013-01-25,2PkEUR1EKgBOEaxnUGJtEK
"home, like noplace is there",the hotelier,6.0,2014-04-21,8.2,0.0,ian cohen,2014-02-28,37ohOvaKOQIEkFjTWfg9Q4
homeland,laurie anderson,8.0,2010-06-23,8.3,0.0,brian howe,2010-06-21,4ak54Q9kwqnyRL6yLkbFBO
honeymoon,lana del rey,5.0,2015-09-23,7.5,0.0,jessica hopper,2015-09-21,13k3IPnPlB9SWgTy2NusbH
honeys,pissed jeans,7.0,2013-02-15,8.1,0.0,ian cohen,2013-02-11,6BtVMqZ9Ra2aTGqbdZ61aW
honor found in decay,neurosis,7.0,2012-11-05,7.9,0.0,hank shteamer,2012-10-29,7xSRMcFNyUqpowZAKueWLt
hopelessness,anohni,6.0,2016-05-17,9.0,1.0,jenn pelly,2016-05-05,7rLsyyAKx19sy9Nwn8WoGH
hot sauce committee part two,beastie boys,9.0,2011-04-27,7.0,0.0,mark richardson,2011-05-04,4YG64sYwuBxnr9TkBUjSI1
how i got over,the roots,8.0,2010-06-30,8.1,0.0,nate patrin,2010-06-25,25sYZjutddzUpXNbeQ7bEC
how to stop your brain in an accident,future of the left,8.0,2013-12-11,7.4,0.0,jake cleland,2013-11-18,1EjIZO7XSYJ0eME0CPYycY
howl of the lonely crowd,comet gain,7.0,2011-12-02,7.3,0.0,lindsay zoladz,2011-08-03,5JGpAdY94LTATqOjZ0jljo
human performance,parquet courts,7.0,2016-04-15,8.4,1.0,jenn pelly,2016-04-08,234xgzAxSozAKfXeLb2ofh
hummingbird,local natives,5.0,2013-01-28,8.1,0.0,larry fitzmaurice,2013-01-28,7yyWUVLAvgwdmMmXSxMykK
humor risk,cass mccombs,6.0,2011-12-15,7.6,0.0,larry fitzmaurice,2011-11-09,5mfSVc5mIyh1Ve0DBRWFkh
"hurry up, we're dreaming",m83,4.0,2011-10-23,9.1,1.0,ian cohen,2011-10-17,6EB14IXV5oyOiItGBv7mtG
hymns,bloc party,6.0,2016-02-03,5.0,0.0,jazz monroe,2016-01-27,01XaCQRLZ4Vtbi4sptddif
hyperview,title fight,4.0,2015-01-28,7.6,0.0,zoe camp,2015-02-11,1xRsnyytuSTf1rIxWV8m2r
i aka i,ash koosha,6.0,2016-04-06,7.5,0.0,andrew gaerig,2016-04-06,7JOhVQCSuGJ7kHiNM98Fwh
i bet on sky,dinosaur jr.,7.0,2012-09-20,7.9,0.0,brandon stosuy,2012-09-21,0X4w8LugnMRCXRq2Ux92zR
i know what love isn't,jens lekman,7.0,2012-09-06,7.7,0.0,lindsay zoladz,2012-09-07,5KS4saf2f8QiyWlCHC2nO9
"i like it when you sleep, for you are so beautiful yet so unaware of it",the 1975,4.0,2016-03-09,6.5,0.0,laura snapes,2016-02-25,5CaaORpJt5cmmTK7KDdX82
"i love you, honeybear",father john misty,8.0,2015-02-11,8.8,1.0,mike powell,2015-02-09,4vTEFCLgDEgKIQXTrsmS6F
i never learn,lykke li,6.0,2014-05-09,8.4,1.0,ian cohen,2014-05-05,4fGqfyineAZmulNxgitERh
i'm with you,red hot chili peppers,5.0,2011-08-30,4.0,0.0,ian cohen,2011-09-01,5wZtSIvijWCMc1vlPFqAyB
idle labor,craft spells,8.0,2011-03-27,7.7,0.0,ian cohen,2011-04-07,3BTFGccaSVYAHsgBTOL423
if,paul de jong,7.0,2015-04-29,7.2,0.0,nina corcoran,2015-04-28,2NCau4QJpaWLAibVBmHU5J
if there's a hell below,black milk,6.0,2014-11-03,7.3,0.0,clayton purdom,2014-10-27,7IoqPPJ57314tLREX9zkHm
ii,makthaverskan,7.0,2013-04-12,7.5,0.0,ian cohen,2014-05-07,4KtYIeMeYO99ZoWysp7x82
ii,unknown mortal orchestra,7.0,2013-02-07,7.3,0.0,ian cohen,2013-02-05,2UrexGLK8RBKbv07j7ui19
immunity,jon hopkins,8.0,2013-06-17,8.5,1.0,brian howe,2013-06-06,0Zpht5ek9rMGsGB5IYPjlz
in colour,jamie xx,7.0,2015-06-07,9.3,1.0,mark richardson,2015-06-01,2ObJQuucr37qoW0XuWWZVL
in conflict,owen pallett,7.0,2014-05-29,8.0,0.0,jayson greene,2014-05-26,2RFBLp1dEypZSWRZislEEx
in evening air,future islands,7.0,2010-09-19,7.6,0.0,zach kelly,2010-05-06,0bVZZUftetJmkK0Ms8S6Z0
in love with oblivion,crystal stilts,8.0,2011-04-14,7.9,0.0,larry fitzmaurice,2011-04-14,7h6DMObElPWC73Kev3uo6I
in our heads,hot chip,7.0,2012-06-29,8.0,0.0,larry fitzmaurice,2012-06-11,0m9sCcxZ4yjQM4OedG9p8M
indicud,kid cudi,2.0,2013-04-20,4.0,0.0,corban goble,2013-05-09,262o5a05pMUDSV2uzo5EwQ
indigo child,raury,4.0,2014-08-27,6.5,0.0,corban goble,2014-09-03,3HVk2UGwXUfE51s1MmPzrL
indigoism,the underachievers,7.0,2013-02-11,8.0,0.0,craig jenkins,2013-02-12,1TY0NtKyJMihVfQnLS0Rqj
innerspeaker,tame impala,6.0,2010-06-01,8.5,1.0,zach kelly,2010-05-28,5RA5hhLlbw31QfQRX11pwo
innocence is kinky,jenny hval,7.0,2013-04-30,7.8,0.0,stephen m. deusner,2013-05-31,5p1eGQtdHsCkQ0cmbj31Vt
innocence reaches,of montreal,5.0,2016-09-08,6.3,0.0,evan rytlewski,2016-08-11,0UmU9BNIVodKSXeHumiP2Q
innocent country,quelle chris,7.0,2015-07-24,6.9,0.0,marcus j. moore,2015-07-14,1rkcu5nUwSJymCZtjii0kh
instrumental tourist,tim hecker,5.0,2012-11-25,7.5,0.0,mark richardson,2012-11-30,7qlpWACFFeDQW5rIbxQZo4
into the future,bad brains,3.0,2012-11-26,5.9,0.0,jayson greene,2012-11-28,0WytQ4hdK2ku7FwbuX9mvO
is the is are,diiv,6.0,2016-02-04,8.1,0.0,ian cohen,2016-02-02,3fSqRdxX8lh5nZHjgzEGl1
isam,amon tobin,7.0,2011-05-16,5.9,0.0,andrew gaerig,2011-06-09,5MN3E6yA4o9tSEQmVoJImZ
it's album time,todd terje,6.0,2014-04-10,8.7,1.0,mike powell,2014-04-07,4pefQ21iSk8hdnxw3WSB5Y
iv,badbadnotgood,7.0,2016-07-15,7.1,0.0,kevin lozano,2016-07-19,68HLpLmCtvFKUqwQpUCqwn
iv,black mountain,7.0,2016-03-30,7.5,0.0,stuart berman,2016-03-31,5xurY94hAr9tMyeMOJM3j7
james blake,james blake,7.0,2011-02-09,9.0,1.0,grayson currin,2011-02-09,4L9qXAXmnMEIvnvG8xon3F
jessica rabbit,sleigh bells,7.0,2016-12-01,5.9,0.0,evan rytlewski,2016-11-08,3AgkcecD3fx4iq9KQjGbqE
jiaolong,daphni,6.0,2012-10-19,7.5,0.0,andrew gaerig,2012-10-16,4MLv6PbCID5my2Dtya3iUd
joanne,lady gaga,6.0,2016-10-25,6.9,0.0,amanda petrusich,2016-10-25,0akg3PQJSnnYsFSS0Qmizu
julia with blue jeans on,moonface,7.0,2013-11-21,7.7,0.0,paul thompson,2013-11-12,2tz0aMsdB042gCLfFuKy86
junk,m83,3.0,2016-04-17,6.8,0.0,t. cole rachel,2016-04-11,0iSRofVrTOCOs841JkSgwk
kaleidoscope dream,miguel,6.0,2012-12-10,8.4,1.0,andrew ryce,2012-10-04,0vlIws8YGMQAbMEkubJgAP
kaputt,destroyer,9.0,2011-01-25,8.8,1.0,mark richardson,2011-01-24,3yy32elu0ZXO6xq2bTuhmU
keep you,pianos become the teeth,4.0,2014-11-12,7.3,0.0,ian cohen,2014-11-03,6FIG1qaWuCW4SiY2EtLJE7
key markets,sleaford mods,8.0,2015-07-29,7.5,0.0,douglas wolk,2015-07-10,5v5XTM8IhfQUzKgaarEpPK
key to the kuffs,jj doom,6.0,2012-08-20,7.3,0.0,nate patrin,2012-08-29,3vfJIvgaDgTQ30UbkgIdpi
kill for love,chromatics,4.0,2012-04-07,8.7,1.0,marc hogan,2012-04-03,2Fp5KBgyC0ac2oitVlsJhY
kin,iamamiwhoami,8.0,2012-06-12,7.6,0.0,katherine st. asaph,2012-09-20,7sesJWlrUqCozeKArxQa8i
king of the beach,wavves,8.0,2010-07-01,8.4,1.0,ian cohen,2010-07-01,3hyfHeK3Pnx0QqK3HkxkTQ
king remembered in time,big k.r.i.t.,7.0,2013-04-15,6.8,0.0,mike madden,2013-04-23,5H0INJICrck7zfFY0ELbiR
kintsugi,death cab for cutie,5.0,2015-04-15,5.5,0.0,ian cohen,2015-04-02,6BK3muExDOuk0VnyMn9NVw
kiss land,the weeknd,5.0,2013-09-17,6.2,0.0,ian cohen,2013-09-09,522VpsDblCDf3rMSnDU4tZ
konnichiwa,skepta,7.0,2016-05-13,7.8,0.0,kevin lozano,2016-05-14,6s4vWWWxNrGcKhrOFYRZzk
kunk,dope body,7.0,2015-08-26,7.0,0.0,jes skolnik,2015-09-17,76CencHDvTov03OpRLqmVt
la di da di,battles,6.0,2015-09-17,7.5,0.0,brandon stosuy,2015-10-02,5EKVDFC9xHXLrT90ym194g
la isla bonita,deerhoof,7.0,2014-11-04,7.6,0.0,sasha geffen,2014-11-07,12xPyw4CTUngQswWwCMEuu
lantern,hudson mohawke,5.0,2015-06-17,7.4,0.0,craig jenkins,2015-06-15,7mtm4xAnyC2dR4kzesUjco
lasers,lupe fiasco,3.0,2011-03-07,3.0,0.0,ian cohen,2011-03-16,4Um8wMKUXteqtUlFelOHrg
late knight special,kirk knight,5.0,2015-11-02,6.4,0.0,matthew strauss,2015-11-06,0tgsKtPUT3rfzQVyppbra2
latin,holy fuck,7.0,2010-05-10,7.8,0.0,joe tangari,2010-05-14,45nMlmlIPPDVWSCDwdvCB9
lawless darkness,watain,6.0,2010-09-06,6.2,0.0,tom breihan,2010-10-15,2pQr4wN4SN9Ax3gdXDhrRz
lazaretto,jack white,5.0,2014-06-11,7.1,0.0,stephen m. deusner,2014-06-09,36LXzRarDP8TU8K0REGpt6
leave me alone,hinds,6.0,2016-01-13,7.5,0.0,quinn moreland,2016-01-05,2ajBBROTt3f7fiFiPkPNyE
lese majesty,shabazz palaces,5.0,2014-07-25,8.2,0.0,craig jenkins,2014-07-28,7t2G7ba8kNZV9a4GDVBeva
let england shake,pj harvey,8.0,2011-02-24,8.8,1.0,scott plagenhoef,2011-02-15,2f8Rfpdol5jrJe3OL4YH6k
life is good,nas,4.0,2012-07-17,8.3,1.0,jayson greene,2012-07-20,4tpG2K3nqcrFNGBikX3dc0
life of pause,wild nothing,5.0,2016-03-03,6.5,0.0,quinn moreland,2016-02-18,6j4mH3Dkr5CyYGE93eDuhd
lifer,dope body,8.0,2014-10-25,6.9,0.0,jason heller,2014-10-29,5xpopBRSgANe92CtdqS9SE
light up gold,parquet courts,7.0,2012-08-14,8.0,0.0,paul thompson,2013-01-14,1aYXn1WnQWLTmOpQtKVeYJ
lisbon,the walkmen,5.0,2010-09-14,8.6,1.0,tom breihan,2010-09-13,2Ihp7DLlTUPB0GYElR2oL9
live music,the strange boys,7.0,2011-11-03,6.2,0.0,stephen m. deusner,2011-12-09,5YL1SE9jrofXksXXDI9saw
local business,titus andronicus,6.0,2012-11-07,7.0,0.0,ian cohen,2012-10-24,6th3oeAZ3pPpB9hjsSLpkU
locked down,dr. john,7.0,2012-04-11,7.5,0.0,stephen m. deusner,2012-04-03,2HhSjSa5X3TQSIkS4CpFyu
lonerism,tame impala,8.0,2012-10-10,9.0,1.0,ian cohen,2012-10-08,2PYZRakUH5TdOHjGKqKtWv
lord steppington,step brothers,8.0,2014-02-13,7.3,0.0,jonah bromwich,2014-01-24,2HIcFPC3pignOHa3HZKXMY
lost in the dream,the war on drugs,7.0,2014-03-24,8.8,1.0,stuart berman,2014-03-18,51VxHZphGLsI7aUPqIkJaz
lost themes,john carpenter,7.0,2015-02-04,7.6,0.0,aaron leitko,2015-02-05,0RvpicJFMbX7pNWFG6MCe9
loud city song,julia holter,8.0,2013-08-26,8.6,1.0,lindsay zoladz,2013-08-16,3JhMmVL9ISUnRaVbrJ72OB
love at the bottom of the sea,the magnetic fields,5.0,2012-03-08,6.1,0.0,lindsay zoladz,2012-03-08,3jtS8e6U6UJzRDdQrg1uNP
love remains,how to dress well,4.0,2010-10-31,8.7,1.0,mark richardson,2010-09-24,1PPXfny6bTg4AwboeIBT5h
love story,yelawolf,3.0,2015-04-27,4.9,0.0,jay balfour,2015-04-28,7hLBZAMHtkfNXPxrbXoVhj
love streams,tim hecker,5.0,2016-04-13,8.2,0.0,philip sherburne,2016-04-07,3WnMJhecMN6z5TMlYE4HcM
love this giant,david byrne,7.0,2012-09-20,5.9,0.0,eric harvey,2012-09-11,4Pu1Qeg26ACk8ZH00bk3Q4
lp1,fka twigs,8.0,2014-08-16,8.8,1.0,philip sherburne,2014-08-11,070rEVRV6FWywkncMWLhs6
lp4,ratatat,8.0,2010-05-28,5.2,0.0,brian howe,2010-06-08,0GrfQByIfK931P5N1pc0wS
lucky shiner,gold panda,7.0,2010-11-06,8.3,0.0,ryan dombal,2010-10-13,2wSMFAWmbsbXCitByPWPLk
lulu,lou reed,6.0,2011-11-02,1.0,0.0,stuart berman,2011-11-01,3FgLMfp5o2h2rAny7S6h57
luminiferous,high on fire,8.0,2015-06-12,8.0,0.0,grayson haver currin,2015-06-16,3IzqQsJ2BprL2bvaK7Mz5B
lux,brian eno,6.0,2012-11-12,8.0,0.0,mark richardson,2012-11-06,7fZ98u1pGT8iX8hdkebG7O
luxury problems,andy stott,7.0,2012-10-29,8.7,1.0,mark richardson,2012-10-29,6XpD4GhQq4olgxxgX6BXdv
m3ll155x,fka twigs,9.0,2015-08-14,8.6,1.0,anupa mistry,2015-08-19,2RUX2ps4xMNTyI2iAwVyf3
magnifique,ratatat,7.0,2015-07-16,5.0,0.0,matthew ramirez,2015-07-16,7ox0VtOfJBl7Oz3BRGOg1G
major key,dj khaled,6.0,2016-08-02,6.9,0.0,kris ex,2016-08-05,5qHyKDjwycRj1fJyPLt2HQ
malibu,anderson .paak,7.0,2016-01-19,8.6,1.0,marcus j. moore,2016-01-11,6xNFuLOko8gjxi5kUAyGyM
man on the moon ii: the legend of mr. rager,kid cudi,6.0,2010-11-04,6.7,0.0,jayson greene,2010-11-18,08eM9GRdr5BCCHNqS3Wwud
maniac meat,tobacco,7.0,2010-05-25,7.6,0.0,nate patrin,2010-05-25,6K9wsOEqnnoPtYbd8s95ug
manipulator,ty segall,6.0,2014-08-30,7.8,0.0,stuart berman,2014-08-26,2pIFOXH6DxLbWcUO19mbXa
marrow of the spirit,agalloch,8.0,2010-11-17,8.5,0.0,grayson haver currin,2010-12-07,69dtvmEbd0xejAVrqOuzDO
matangi,m.i.a.,7.0,2013-11-20,6.5,0.0,lindsay zoladz,2013-11-05,5TTyDbaARm4YjXJ5OQVKwl
meir,kvelertak,8.0,2013-03-28,7.2,0.0,hank shteamer,2013-03-25,1147s32sIAabDpmBeBf2bN
memphis,magic kids,8.0,2010-08-31,6.1,0.0,david bevan,2010-09-14,437jcfcGVGS7rtACpIuipF
mess,liars,8.0,2014-03-26,6.9,0.0,ian cohen,2014-03-24,5Yyt7GBe2YwY3ddjsbv1Em
metals,feist,4.0,2011-10-12,7.7,0.0,lindsay zoladz,2011-10-03,7j3EDmBNPiZuO2bkP0dSyu
mind bokeh,bibio,5.0,2011-03-30,6.9,0.0,mark richardson,2011-04-01,15khoJ6qauAZwWxO8q39xw
miracle mile,strfkr,3.0,2013-02-28,5.2,0.0,steven hyden,2013-02-18,5S4tasGYxpQuSEWLYvgyQp
modern vampires of the city,vampire weekend,7.0,2013-05-14,9.3,1.0,ryan dombal,2013-05-13,7uxo8pIrikPy6WHdiOBaci
monomania,deerhunter,6.0,2013-04-24,8.3,1.0,ian cohen,2013-05-03,6qjQZP3XvnktDZcxrhmUEM
more than any other day,ought,7.0,2014-05-01,8.4,1.0,stuart berman,2014-04-29,0uOPPNiTA3k0HNvqKWcuSb
mosaik,siriusmo,7.0,2011-02-28,7.8,0.0,brian howe,2011-03-17,5joNe9uuYWY9GjJlpASff2
mosquito,yeah yeah yeahs,5.0,2013-04-23,6.0,0.0,lindsay zoladz,2013-04-15,73ODakbR0bWEG1HZ03HZis
moth,chairlift,7.0,2016-01-29,7.6,0.0,brad nelson,2016-01-20,4j7QJ7DKZ0cBsNuD7GmJFx
mount wittenberg orca,dirty projectors,8.0,2010-07-13,7.7,0.0,mike powell,2010-07-07,0zm40o2MnYmpxcKKProN8U
movement,holly herndon,7.0,2012-11-20,8.1,0.0,grayson haver currin,2012-11-20,2dIv0YpUwNuGtoVOWjN5LS
mr. impossible,black dice,5.0,2012-04-14,7.7,0.0,mark richardson,2012-04-13,6iVOz9sCcOTbkLNBRyinic
mr. wonderful,action bronson,5.0,2015-03-25,6.3,0.0,jordan sargent,2015-03-25,7ijgeLAW3W3vZ9jf6tozFq
mu.zz.le,gonjasufi,6.0,2012-01-23,7.8,0.0,nate patrin,2012-01-25,1gJX8HHlmUOYmKRshcwqhG
muchacho,phosphorescent,6.0,2013-04-18,8.8,1.0,jayson greene,2013-03-18,6rAJ4I8SpPMJj0guCZiAI8
multi-love,unknown mortal orchestra,8.0,2015-06-03,7.1,0.0,jeremy d. larson,2015-05-26,2aoI8tkPq9NBvGiARD0KoR
mutilator defeated at last,thee oh sees,6.0,2015-06-05,7.8,0.0,aaron leitko,2015-05-21,31e4Yq05lmd00H8Iardp17
my beautiful dark twisted fantasy,kanye west,6.0,2010-11-16,10.0,1.0,ryan dombal,2010-11-22,20r762YmB5HeofjMCiPMLv
my name is my name,pusha t,6.0,2013-10-09,8.0,0.0,craig jenkins,2013-10-09,0LgwP5HQ7psvJAY2KSGPMH
my woman,angel olsen,8.0,2016-09-08,8.8,1.0,jenn pelly,2016-09-02,3CHcldbsbrBOOlw8cnLpNm
nabuma rubberband,little dragon,6.0,2014-05-15,6.8,0.0,harley brown,2014-05-12,2xraUs1k7Hct24Jg2C2QR5
native speaker,braids,7.0,2011-01-31,7.9,0.0,ian cohen,2011-01-19,2bFyxoT5hRX13dwqMrxfex
nattesferd,kvelertak,6.0,2016-05-20,8.0,0.0,saby reyes-kulkarni,2016-05-16,5EAGz1IagdeJoJ2Cgb4DES
natural history,dope body,9.0,2012-05-21,7.9,0.0,aaron leitko,2012-05-21,5USTX24mfkfnAYV7v855hv
nature noir,crystal stilts,6.0,2013-09-18,6.3,0.0,jeremy d. larson,2013-09-17,77eCV0LVGiQDy3o5TpqnHb
nehru jackets,heems,8.0,2012-01-27,6.5,0.0,zach kelly,2012-01-26,3nf3gYFRoEQBP3uAzl2HK1
neon icon,riff raff,5.0,2014-06-04,5.4,0.0,david drake,2014-06-27,2DPmATqwTbFTztBvwT5V4b
never hungover again,joyce manor,6.0,2014-07-29,7.8,0.0,ian cohen,2014-07-21,6cPoZUF1MLvQvXkfDGHwsf
never were the way she was,colin stetson,8.0,2015-04-28,7.7,0.0,jayson greene,2015-04-27,6strsYjypCDE3OTh2f9W8l
new bermuda,deafheaven,6.0,2015-10-01,9.0,1.0,jayson greene,2015-10-01,2e4xOasRFhJn4x2MBM5pdu
new brigade,iceage,8.0,2011-06-23,8.4,1.0,david bevan,2011-06-29,55Qh1kqHs3ZnB5M5Y16bj1
new history warfare vol. 2: judges,colin stetson,8.0,2011-02-21,8.2,0.0,mark richardson,2011-03-03,56rcjS8EZIWTXCbk1V2NBI
new history warfare vol. 3: to see more light,colin stetson,7.0,2013-04-26,8.1,0.0,mark richardson,2013-05-07,5mBOGECzXM9rkVvECALl9B
"night time, my time",sky ferreira,4.0,2013-11-24,8.1,0.0,carrie battan,2013-10-29,5p7bst30JEHSIe1VMtjbfG
nikki nack,tune-yards,8.0,2014-04-29,8.1,0.0,mike powell,2014-05-06,7e4FghvjN3MwRoSK7v1m1p
nina,xiu xiu,8.0,2014-01-13,4.7,0.0,mark richardson,2013-12-11,5UJbUau9NfGZM7oLGgEJQK
nine types of light,tv on the radio,6.0,2011-04-12,7.7,0.0,stuart berman,2011-04-12,0FvrvaVsWQ7kTdGzipW6HV
no cities to love,sleater-kinney,7.0,2015-01-14,8.7,1.0,jenn pelly,2015-01-20,7HDcY3h70X3zLjceUO874A
no love deep web,death grips,8.0,2012-10-08,8.2,0.0,grayson currin,2012-10-05,08aqY8lv4zx4uaqBUpMD8a
no peace,trash talk,5.0,2014-05-28,7.7,0.0,jayson greene,2014-05-30,1JSanboctECdzwkzLTbys0
nobody's smiling,common,6.0,2014-08-01,7.7,0.0,david drake,2014-07-25,6sG3BcBh4DlQ9dzW6BHklG
nocturne,wild nothing,8.0,2012-08-23,8.3,1.0,ian cohen,2012-08-28,139JTQqbke2UEFCKgmy34d
nostalchic,lapalux,7.0,2013-03-29,7.4,0.0,jonah bromwich,2013-03-28,7ulpsKEswNymVbOvsyK0yV
not to disappear,daughter,3.0,2016-01-21,6.7,0.0,jazz monroe,2016-01-19,3qPU4on4Nurlbzn607FSQ3
numbers,mellowhype,3.0,2012-10-09,6.7,0.0,jordan sargent,2012-10-12,13zS18xkaZrOUf2HGWLYQj
obsidian,baths,6.0,2013-05-29,8.6,1.0,ian cohen,2013-05-28,4niKC11eq7dRXiDVWsTdEy
ocean roar,mount eerie,5.0,2012-09-06,8.1,0.0,jayson greene,2012-09-06,05bvtbRjfvIXzCS1PpEaji
oceania,the smashing pumpkins,6.0,2012-06-25,6.3,0.0,jayson greene,2012-06-19,4CsuDWzy7SC1B5VBtfmUTz
oddfellows,tomahawk,6.0,2013-01-31,6.8,0.0,paul thompson,2013-02-04,0TwHvyufKag5AKpphVeA2x
oj simpson,guilty simpson,6.0,2010-05-31,8.0,0.0,ian cohen,2010-05-19,0elL1cbQgaMrQHpfoHa8pI
old,danny brown,7.0,2013-10-01,8.7,1.0,jayson greene,2013-10-03,5SC0415RIGVX9ZfL0tfbAl
old ideas,leonard cohen,5.0,2012-02-07,7.4,0.0,mike powell,2012-02-01,0waLDJlCfXkXIwFGdBZ6UK
once i was an eagle,laura marling,7.0,2013-06-07,8.1,0.0,rachael maddux,2013-06-03,6l1vJo8UPXAapQr23xOStK
once more 'round the sun,mastodon,7.0,2014-06-26,6.3,0.0,zoe camp,2014-06-25,7iI8jE3kMRUNRaJSGWhE43
one day you will ache like i ache,the body,7.0,2016-03-23,7.6,0.0,colin joyce,2016-03-22,2PZbGLCc2fKUrC507I0tQP
order of noise,vessel,7.0,2012-11-16,7.0,0.0,nick neyland,2012-11-01,4UHMnBK9gqG7gGaTr4agsk
our love,caribou,6.0,2014-10-14,8.6,1.0,jamieson cox,2014-10-07,4JOmLltFC735tBL7jfHfA7
overgrown,james blake,7.0,2013-04-09,8.0,0.0,eric harvey,2013-04-09,2Fn2oOYHKBJfzZtVtKOW7z
oxymoron,schoolboy q,7.0,2014-02-26,7.8,0.0,craig jenkins,2014-02-28,3WrybrSHu1vSZaQegAZTyn
pain is beauty,chelsea wolfe,8.0,2013-09-10,8.0,0.0,jenn pelly,2013-09-06,4rpm9Ez8nfVsQvNmHDbgyp
painted shut,hop along,8.0,2015-05-27,7.9,0.0,mike powell,2015-05-04,7bR9KYRb6jfhlle5Y9U4BD
painting with,animal collective,5.0,2016-02-18,6.2,0.0,mike powell,2016-02-16,04EajKw866bzJn3EW8HOdQ
pale communion,opeth,5.0,2014-09-03,4.3,0.0,grayson haver currin,2014-08-28,0DLImjuzdrOBQKtYLlf3C5
pale horses,mewithoutyou,5.0,2015-06-19,7.2,0.0,brad nelson,2015-06-24,0rNQkfrozT5NAIGMQCmZrY
panda bear meets the grim reaper,panda bear,4.0,2015-01-15,8.7,1.0,stuart berman,2015-01-12,4iRqf2zoGhh7yO5evg1NYj
paracosm,washed out,6.0,2013-08-15,7.4,0.0,ian cohen,2013-08-12,0NJB8HwQsR7RH4bVM7Z6HL
paradise,pop. 1280,8.0,2016-01-28,7.4,0.0,jes skolnik,2016-01-25,4mekfmow1Chday7n4rGWO7
parallax,atlas sound,6.0,2011-11-09,8.7,1.0,nick neyland,2011-11-07,6HTAZdkIuhAoQPFtZmFYo5
paralytic stalks,of montreal,7.0,2012-02-06,4.6,0.0,larry fitzmaurice,2012-02-06,1GEvc3u1Fu0CoKPesy1gDJ
payola,desaparecidos,5.0,2015-06-30,7.6,0.0,ian cohen,2015-06-22,0znk4I7BChCGG8SZ5nRneU
penny sparkle,blonde redhead,8.0,2010-09-12,4.0,0.0,ian cohen,2010-09-14,0LIA59NbpqeUhFTnNfnO6F
pigeons,here we go magic,7.0,2010-06-06,7.5,0.0,larry fitzmaurice,2010-06-07,0R2mJW3ewBFmDGeWktahaS
piramida,efterklang,5.0,2012-10-02,5.7,0.0,matthew murphy,2012-09-21,6p0W2RTwwvNrsVuhD90v2V
platform,holly herndon,6.0,2015-05-14,8.7,1.0,winston cook-wilson,2015-05-21,0pyZXMW56SpT2iO2rMYmPH
play it strange,the fresh & onlys,4.0,2010-10-12,8.0,0.0,tom breihan,2010-10-18,6Z0GV47fGK4hcnzklj80OX
plays the music of twin peaks,xiu xiu,9.0,2016-04-29,7.7,0.0,benjamin scheim,2016-04-14,6d1hIoW2Xvv7n33kAQV8nG
plowing into the field of love,iceage,9.0,2014-10-07,8.5,1.0,larry fitzmaurice,2014-10-09,5g3adO0PoJ6h9yrkkdONPw
poison season,destroyer,8.0,2015-08-28,7.6,0.0,jayson greene,2015-09-03,7KlrBnmP3BjYIF0516MPXb
pom pom,ariel pink,9.0,2014-11-17,8.8,1.0,jeff weiss,2014-11-18,1GDEy7JQHzOvAIucRlXtGL
pool,porches,5.0,2016-02-17,8.3,1.0,jeremy gordon,2016-02-08,7kNB1l6WPFlZxH5MtgtW3j
port of morrow,the shins,5.0,2012-03-27,8.4,1.0,larry fitzmaurice,2012-03-19,53KpQ0EIkaKmcgsJffaMFi
possession,christian mistress,8.0,2012-02-28,7.6,0.0,grayson currin,2012-03-02,7u6IrBZDcie0baVSnO55QP
psychic,darkside,8.0,2013-10-07,9.0,1.0,ian cohen,2013-10-07,2Q7l5NR9ZY8gfkkTtBnlBt
public strain,women,9.0,2010-09-29,8.0,0.0,aaron leitko,2010-09-30,3Me1df1lSd9s6zkLUoZO4s
purple,baroness,8.0,2015-12-19,8.5,1.0,brandon stosuy,2015-12-10,6mNvc8w4aYOBlNcnx5hE6l
purple naked ladies,the internet,4.0,2012-01-02,6.0,0.0,carrie battan,2012-01-04,1ZTnvAXIujEZZ8kzfJirxp
put your back n 2 it,perfume genius,9.0,2012-02-21,8.4,1.0,larry fitzmaurice,2012-02-27,1l8BPAV90bROAtw5lVuT0q
r plus seven,oneohtrix point never,6.0,2013-10-01,8.4,1.0,mark richardson,2013-10-04,68PRq4zj7YXMwiUq6FNGvR
r.a.p. music,killer mike,8.0,2012-05-18,8.6,1.0,ian cohen,2012-05-15,5EAhUoAz1G3WTvIfGZvmrh
random access memories,daft punk,8.0,2013-05-20,8.8,1.0,mark richardson,2013-05-20,4m2880jivSbbyEGAKfITCa
ratchet,shamir,5.0,2015-05-22,8.3,1.0,anupa mistry,2015-05-18,7wbl4fcf6oTL1BfKrx2pCC
rave tapes,mogwai,6.0,2014-01-22,6.0,0.0,nick neyland,2014-01-20,27SFWD5ME13mJJWjgP71e4
"ravedeath, 1972",tim hecker,8.0,2011-03-06,8.6,1.0,joe colly,2011-02-18,6Iu8toVsvCc3I4INxYiVIy
recess,skrillex,5.0,2014-03-26,5.7,0.0,nate patrin,2014-03-21,6jQcao5aykVoEceiFz1t4I
red barked tree,wire,5.0,2011-01-10,8.0,0.0,stuart berman,2011-01-13,3Tm6OMfXk7PffAEt4NAkmX
reflektor,arcade fire,5.0,2013-10-31,9.2,1.0,lindsay zoladz,2013-10-28,2brwuyGZ2lLqWnBX6U4MQT
reign of terror,sleigh bells,5.0,2012-02-22,8.2,0.0,matthew perpetua,2012-02-20,2VkGBHRZhQ0g6IaRvwkmEL
relax,das racist,6.0,2011-09-20,6.3,0.0,ian cohen,2011-09-16,4tfAMufxpphBnDYlLRoZKe
remember us to life,regina spektor,8.0,2016-10-06,6.6,0.0,katherine st. asaph,2016-10-18,6C0ZhA7FLKwguVU8BWfkeS
resolution,lamb of god,3.0,2012-01-25,3.9,0.0,grayson currin,2012-01-24,73k8aD6VzabLHfwIdiasdS
return to annihilation,locrian,6.0,2013-06-28,8.0,0.0,grayson haver currin,2013-07-24,51M3dERfSRwM7xhk8SezRy
revolution radio,green day,3.0,2016-10-14,5.1,0.0,brad nelson,2016-10-10,5a3LqvNt2nv1B4aRKXmgOV
rheia,oathbreaker,4.0,2016-10-12,7.8,0.0,andy o'connor,2016-10-04,6UUIocFoD9p2aOO5jvD9zt
ring,glasser,8.0,2010-11-25,8.0,0.0,joe colly,2010-10-06,67jSVxuCF5y7rPizT4mLP7
ritual,white lies,4.0,2011-01-20,2.5,0.0,ian cohen,2011-01-20,1Nq921nz7qQbpbuxiObePg
ritual union,little dragon,8.0,2011-07-27,6.7,0.0,matthew perpetua,2011-07-26,0Sspmm7cIY7LAyupAGbPxH
room(s),machinedrum,6.0,2011-08-02,6.6,0.0,andrew gaerig,2011-07-25,7Hr1eh9tqthDQVG8jzAWr9
rose mountain,screaming females,6.0,2015-02-23,6.7,0.0,sasha geffen,2015-02-23,3XSkwmy0nUXJcLCuz7JvnN
ruminations,conor oberst,8.0,2016-10-26,7.5,0.0,ian cohen,2016-10-12,67hzZ19BcqT086ahgI9DIB
run the jewels 2,run the jewels,8.0,2014-10-27,9.0,1.0,ian cohen,2014-10-29,3jsGTpdRkOnbn8VhU9J4A7
run the jewels 3,run the jewels,8.0,2016-12-30,8.6,1.0,sheldon pearce,2017-01-03,7q1uNF3HT1wTjxuMW0rFJn
salad days,mac demarco,5.0,2014-04-02,8.5,1.0,marc hogan,2014-04-01,2sij95QgjmgrhNv33achzn
sauna,mount eerie,6.0,2015-01-29,8.1,0.0,jayson greene,2015-02-04,3rGf6vA99ZxULNg5TiBn28
sbtrkt,sbtrkt,8.0,2011-06-24,8.1,0.0,joe colly,2011-07-07,5fZ57PSVZx9nSwi3DzNdje
schmilco,wilco,6.0,2016-09-26,7.0,0.0,sam sodomsky,2016-09-09,1Wjheru5k9DMQduRIasAyL
sea of cowards,the dead weather,5.0,2010-05-16,7.8,0.0,tom breihan,2010-05-11,5A3pEjsMIT2Zyx4qmgDD0H
sea when absent,a sunny day in glasgow,7.0,2014-07-04,8.5,1.0,lindsay zoladz,2014-06-24,3vin1x6t6WYd6JOEY22qps
see the world given to a one love entity,guardian alien,6.0,2012-07-27,7.2,0.0,jayson greene,2012-08-16,2rNvaIp7nBgCyFT7xpAyZ6
sentenced to life,black breath,8.0,2012-06-04,7.6,0.0,brandon stosuy,2012-04-25,4xOhXPxrcjesTwl6dhLZUb
severant,kuedo,6.0,2011-10-20,7.7,0.0,joe colly,2011-10-18,4E68d3pPsJlzNqVbR1amZP
shadow of a doubt,freddie gibbs,7.0,2015-11-24,7.8,0.0,max mertens,2015-11-20,41zRghNRGMG6l8dYtRp3iI
shaking the habitual,the knife,9.0,2013-04-07,8.4,1.0,lindsay zoladz,2013-04-08,5ktmE6ib4WKJM6x3ae2NxG
shaolin vs. wu-tang,raekwon,5.0,2011-03-08,7.9,0.0,david drake,2011-03-15,7y9thaBm7wBPzsvcAWyWbH
shields,grizzly bear,6.0,2012-09-18,9.1,1.0,lindsay zoladz,2012-09-17,57LAEzKL94ZHwbIkUWYCDY
short movie,laura marling,7.0,2015-03-19,7.4,0.0,katherine st. asaph,2015-03-27,08cXCARUoHLoccf0y06Dlv
shrines,purity ring,6.0,2012-07-25,8.4,1.0,mark richardson,2012-07-24,20mXbCXndSKFkikGoojprO
silence yourself,savages,8.0,2013-05-02,8.7,1.0,lindsay zoladz,2013-05-06,6LjrpgYliBD7FA670n4l31
silencing machine,nachtmystium,8.0,2012-08-01,8.0,0.0,brandon stosuy,2012-08-02,74MuJS9J7ZNhzRhzNX254g
silver wilkinson,bibio,7.0,2013-05-31,6.2,0.0,ian cohen,2013-05-15,635cLXDOf3Kh5WA9c63xm8
simple math,manchester orchestra,4.0,2011-05-13,5.5,0.0,ian cohen,2011-05-27,56Bi6PRYQ2JDGGLntLjoMI
singles,future islands,7.0,2014-03-25,8.0,0.0,jeremy d. larson,2014-03-25,26bhmgVpg5E5HyU4K1BYMc
sirens,nicolas jaar,6.0,2016-10-05,8.7,1.0,jonah bromwich,2016-09-29,2sBk4HURT2otEV1Kg5FgcV
skelethon,aesop rock,7.0,2012-07-19,8.2,0.0,jeff weiss,2012-07-10,37IpWBaXvdlkQUfTMCppfJ
skeleton tree,nick cave & the bad seeds,8.0,2016-09-19,9.0,1.0,stuart berman,2016-09-14,34xaLN7rDecGEK5UGIVbeJ
skid row,james ferraro,4.0,2015-12-03,6.6,0.0,miles raymer,2015-11-16,5l2v1aGOKdUSvmTeRDVLgi
skin,flume,5.0,2016-06-02,6.4,0.0,stacey anderson,2016-06-02,6pFOh9PfVU4NUycoWYkEl2
skying,the horrors,7.0,2011-07-13,7.5,0.0,eric grandy,2011-07-25,5H7BgENqxEcXxq1wYb8bs0
slave ambient,the war on drugs,6.0,2011-08-19,8.3,1.0,stuart berman,2011-08-23,2KjyXCzIAZzJ6j70qPKvEj
sleep cycle,deakin,7.0,2016-04-19,7.6,0.0,stuart berman,2016-04-18,3koPfjNNoh3JJ0AD6WnKtT
slow focus,fuck buttons,6.0,2013-07-25,8.7,1.0,jayson greene,2013-07-22,2GpgIyzxzxCNmkWL1EZW2C
small craft on a milk sea,brian eno,8.0,2010-11-02,7.4,0.0,mark pytlik,2010-11-04,7MRonYO3ztgKpavQkMiome
smother,wild beasts,7.0,2011-05-10,8.2,0.0,david bevan,2011-05-13,4yfi9CePcYX0vCXzkMDyDE
so it goes,ratking,8.0,2014-04-09,7.5,0.0,kyle kramer,2014-04-16,0wQpKLNavM2B8PZRMiO95X
sol invictus,faith no more,6.0,2015-05-19,6.0,0.0,zoe camp,2015-05-19,1JgiHuKdZNP2Z6XOJtBjyz
something,chairlift,7.0,2012-01-24,8.0,0.0,matthew perpetua,2012-01-20,4nYzn3xOXQsltWZ5AIQns7
something for everybody,devo,6.0,2010-06-17,6.6,0.0,marc masters,2010-06-17,4y8hWlVgKfFZaBb4iVYyNE
"sometimes i sit and think, and sometimes i just sit",courtney barnett,5.0,2015-04-06,8.6,1.0,mike powell,2015-03-23,4wemZND9D5JUOYhFTxqr42
sonic highways,foo fighters,5.0,2014-12-10,5.6,0.0,stuart berman,2014-11-10,2qwN15acAl3sm3Idce5vK9
sorrow and extinction,pallbearer,7.0,2012-02-23,8.4,1.0,brandon stosuy,2012-03-01,4vcqtRCeKGALWvOg910jJi
sound & color,alabama shakes,8.0,2015-04-22,8.1,0.0,ryan dombal,2015-04-23,0GaYG9L1sXHQZZ7BTk0hGY
sour soul,badbadnotgood,6.0,2015-02-17,6.2,0.0,nate patrin,2015-02-16,3cFQsh5o8zThmbyQRuRosJ
space is only noise,nicolas jaar,8.0,2011-02-18,8.4,1.0,andrew gaerig,2011-02-17,0tUJcqDuXHNkaPKLN0lQhT
spaces,nils frahm,7.0,2014-01-15,7.8,0.0,nick neyland,2014-01-23,0DFbQjp468sMiIMTrZdr5w
special affections,diamond rings,8.0,2010-10-26,8.2,0.0,stuart berman,2010-11-09,0zRpBB15fjscEg08U6Zq9H
splendor & misery,clipping.,8.0,2016-09-14,5.3,0.0,mehan jayasuriya,2016-09-06,1pxYPYg5ozVYMxiFMfD1tn
spooky action at a distance,lotus plaza,6.0,2012-04-13,8.4,1.0,ian cohen,2012-04-02,5rz5Ya430Ht2x3kPcXYOtZ
sprinter,torres,5.0,2015-05-07,8.0,0.0,jillian mapes,2015-05-07,1wxCJeQNOoNiZmaN6Ma4js
sremmlife 2,rae sremmurd,6.0,2016-08-18,7.6,0.0,sheldon pearce,2016-08-15,2KhzKZOq9MVNSCKkNkLtbp
star wars,wilco,6.0,2015-08-03,7.7,0.0,ian cohen,2015-07-23,5yHC5HGL7CbdbzgqSzuaoP
starboy,the weeknd,5.0,2016-11-28,6.7,0.0,mehan jayasuriya,2016-11-30,2ODvWsOgouMbaA5xf0RkJe
static,cults,4.0,2013-10-21,6.8,0.0,marc hogan,2013-10-14,6WnfWrfsfu7T9TXbHIFHX9
stillness in wonderland,little simz,5.0,2017-01-16,7.1,0.0,katherine st. asaph,2017-01-05,7r96hilTCSMBPqqhnYouRw
strange mercy,st. vincent,8.0,2011-09-13,9.0,1.0,ryan dombal,2011-09-13,5x7cI8aHmaqk03KKl1Auh1
strangers,marissa nadler,8.0,2016-05-25,7.6,0.0,marcus j. moore,2016-05-21,6u10cQ3OuOlWTQDaXZIjcf
strangers to ourselves,modest mouse,5.0,2015-03-16,6.4,0.0,jayson greene,2015-03-17,6iKqPv9C5oU29LR82N8lJf
success,ken mode,8.0,2015-06-21,5.9,0.0,grayson haver currin,2015-06-15,5fFfmdI5kbImjXK36NWFcM
suck it and see,arctic monkeys,5.0,2011-06-07,7.5,0.0,marc hogan,2011-06-09,2KhJyDQAtauN6plT5PkfnV
summer knights,joey bada$$,7.0,2013-07-03,6.8,0.0,corban goble,2013-07-12,16KdSB0v7RqYwRjylZCpfn
sun and shade,woods,5.0,2011-06-06,7.9,0.0,mark richardson,2011-06-02,1rZJIfmPw3VT6s84lcTBom
sun coming down,ought,8.0,2015-09-25,8.0,0.0,stuart berman,2015-09-15,4MxLa2uPSGSus8XCSivcOD
sun structures,temples,5.0,2014-02-25,5.5,0.0,jayson greene,2014-02-12,3zjlHX18RBN9h4kMQ1X4KC
sunbather,deafheaven,8.0,2013-05-31,8.9,1.0,brandon stosuy,2013-06-11,2kKXGWaCEl06EKZ4DxBJIT
sunbathing animal,parquet courts,4.0,2014-06-05,8.6,1.0,larry fitzmaurice,2014-06-04,6QLvKr5uNyu6fwFXroL8oE
surf,donnie trumpet & the social experiment,4.0,2015-06-04,8.3,1.0,david drake,2015-06-05,3eM1KTKmpqrQOvuvYY42cr
surfing the void,klaxons,4.0,2010-08-29,7.2,0.0,ian cohen,2010-08-26,77SBywhAek4ax1mkkiCF25
sweet heart sweet light,spiritualized,8.0,2012-04-16,8.8,1.0,ryan dombal,2012-04-16,6MQRQ17HwDLjNFLBQ4PCYa
swing lo magellan,dirty projectors,6.0,2012-07-06,8.8,1.0,grayson currin,2012-07-09,5zQgu9qi6mK8KuleuzM22C
synthetica,metric,3.0,2012-06-22,7.0,0.0,matthew perpetua,2012-06-11,3Dmsk4IC23AFGHEXvNoJVs
syro,aphex twin,6.0,2014-09-26,8.7,1.0,mark richardson,2014-09-22,0HqN7Cd4XsZGvj2NgwEmFO
"take care, take care, take care",explosions in the sky,5.0,2011-04-28,7.2,0.0,joe tangari,2011-04-25,5g2CNuItRDkZWD3QdCk6O7
take the kids off broadway,foxygen,8.0,2012-07-09,7.9,0.0,steven hyden,2012-07-23,7usMqTegkIEWcERDDK5i9L
teens of denial,car seat headrest,8.0,2016-05-24,8.5,1.0,jeremy gordon,2016-05-20,3KpYyDP8q8sUBxatHaYEsP
teens of style,car seat headrest,7.0,2015-11-06,8.1,0.0,jeremy gordon,2015-10-28,7s2vwXfI8Ki49zYIfTTkRT
teethed glory and injury,altar of plagues,9.0,2013-05-07,6.8,0.0,grayson currin,2013-05-06,4ctGQ5IIOwmA2FmzM0c22A
telling it like it is,marching church,7.0,2016-11-11,6.4,0.0,zoe camp,2016-11-18,0kp2GeJxsQRdQEuMNKjLJi
tempo,olga bell,7.0,2016-06-08,7.9,0.0,philip sherburne,2016-05-30,62V1Yap4N28VwJNnodi2YJ
terminal redux,vektor,8.0,2016-05-11,8.2,0.0,sam sodomsky,2016-05-06,56ZRTTv25E2OO7FLuLokkX
tetsuo & youth,lupe fiasco,7.0,2015-01-23,7.2,0.0,jayson greene,2015-01-22,7F58zK8t8whSFjX5X09d28
thank your lucky stars,beach house,5.0,2015-10-21,8.1,0.0,jayson greene,2015-10-16,2LY64XcNbQ2bSjjsrbODlL
the 2nd law,muse,3.0,2012-10-04,5.5,0.0,ian cohen,2012-10-02,3KuXEGcqLcnEYWnn3OEGy0
the age of adz,sufjan stevens,6.0,2010-10-10,8.4,1.0,ryan dombal,2010-10-12,4kRMCapj9nEyBWnM0kc9OX
the agent intellect,protomartyr,7.0,2015-10-29,8.2,0.0,j. edward keyes,2015-10-07,7wMrFduh4Gyqq3EeeOJL0V
the album about nothing,wale,4.0,2015-05-08,5.4,0.0,claire lobenfeld,2015-04-02,6aCr3UaB8lM9g6TtFB3qwd
the altar,banks,5.0,2016-10-10,5.1,0.0,katherine st. asaph,2016-10-12,2WzQeYsbrDq1UcVZmY8dVR
the ark work,liturgy,7.0,2015-03-26,6.4,0.0,jayson greene,2015-03-26,6GqOWek4cF5UVOEm8q5Vfb
the bravest man in the universe,bobby womack,6.0,2012-06-20,6.2,0.0,ryan dombal,2012-06-14,1d0vqL31qzWAWB8cxyfvuP
the bride,bat for lashes,5.0,2016-07-22,7.6,0.0,cameron cook,2016-07-05,0FOJVGWk7r4QKYCP1hCCEq
the budos band iii,the budos band,5.0,2010-08-10,7.6,0.0,nate patrin,2010-08-18,4wGhy77LCdzpd7bdUiwQFN
the children of the night,tribulation,7.0,2015-04-26,8.4,0.0,grayson haver currin,2015-04-21,4whOD3w1OmMhEcv54ai3Ju
the church,mr. oizo,7.0,2014-11-25,4.9,0.0,jonah bromwich,2014-12-04,6YYnH1VSNSUAcYH20Ue1Ec
the colour in anything,james blake,5.0,2016-05-12,8.2,1.0,kevin lozano,2016-05-10,1WyrGCkFDlH1xPadZ5qTkL
the dream is over,pup,6.0,2016-05-30,7.8,0.0,ian cohen,2016-05-30,0nOAue4UAgOJMLroZc4aTL
the endless river,pink floyd,6.0,2014-11-20,5.7,0.0,stephen m. deusner,2014-11-13,0yU7VItpGPmPcvKmwLg0JT
the english riviera,metronomy,7.0,2011-04-18,6.4,0.0,joshua love,2011-04-19,716fnrS2qXChPC3J2X73pK
the epic,kamasi washington,9.0,2015-05-05,8.6,1.0,seth colter walls,2015-05-08,2j2q2ySuVk43eHB8wI5XQj
the expanding flower planet,deradoorian,6.0,2015-09-01,8.0,0.0,philip sherburne,2015-08-20,10e1mx1PykreNOn02pFjIU
the fall,gorillaz,5.0,2010-12-28,5.8,0.0,stephen m. deusner,2011-01-06,5jJGGsAztgUEXUHHZ2zrah
the fool,warpaint,6.0,2010-10-25,7.2,0.0,ryan dombal,2010-10-29,2f9bZWVlaffKuG8YmUuIIz
the getaway,red hot chili peppers,5.0,2016-06-28,5.4,0.0,zoe camp,2016-06-20,43otFXrY0bgaq5fB3GrZj6
the ghosts of highway 20,lucinda williams,6.0,2016-02-12,8.0,0.0,grayson haver currin,2016-02-01,7K6EzecV6Qsaw0Enfx1Dcw
the glowing man,swans,9.0,2016-06-24,8.1,0.0,saby reyes-kulkarni,2016-06-21,0YMjf2pmkQipEkdHn4KIzf
the golden age of apocalypse,thundercat,8.0,2011-09-08,8.1,0.0,jess harvell,2011-09-02,6pCLvgEb0INbO0WaN2Byyw
the haunted man,bat for lashes,7.0,2012-11-08,8.4,1.0,marc hogan,2012-10-22,5oGnsIdK6MNnm2OEHnOG4Z
the healing component,mick jenkins,5.0,2016-09-28,7.6,0.0,dean van nguyen,2016-09-28,2IjEb3Ob7GHEpLwSgaWJiX
the hope six demolition project,pj harvey,7.0,2016-04-18,7.6,0.0,laura snapes,2016-04-14,1Un5JM2tnlI7I9GBgylutb
the horror,pop. 1280,7.0,2012-01-26,7.5,0.0,stuart berman,2012-02-03,5qPG7wFPe9MtC7NRyNvoku
the hunter,mastodon,5.0,2011-09-28,7.5,0.0,brandon stosuy,2011-09-30,5Zjhls03el4wXkmtcZEi8b
the impossible kid,aesop rock,8.0,2016-05-06,8.2,0.0,sheldon pearce,2016-05-04,6D6v19wYlLDsYkkfebOY3g
the incredible true story,logic,6.0,2015-11-17,6.1,0.0,julian kimble,2015-11-18,5dOpbgAmJeyoakKQ0QLWkR
the inheritors,james holden,7.0,2013-07-10,8.2,0.0,andrew gaerig,2013-07-02,1cyyJp2x73H6a5buSo0SvR
the king is dead,the decemberists,4.0,2011-01-26,7.2,0.0,amanda petrusich,2011-01-17,3hd8GiXOy4KUTxVDVUDT5F
the king of limbs,radiohead,6.0,2011-02-20,7.9,0.0,mark pytlik,2011-02-24,3P17levwUPzmFfLYdAK3A7
the life of pablo,kanye west,6.0,2016-02-15,9.0,1.0,jayson greene,2016-02-15,7gsWAHLeT0w7es6FofOXk1
the lion's roar,first aid kit,7.0,2012-01-19,7.6,0.0,rachael maddux,2012-01-24,4lGoWk8cIXWrvGFm9Ksy4x
the magic,deerhoof,7.0,2016-07-11,6.9,0.0,benjamin scheim,2016-06-29,5jr5bZ77lNRwoDXyQLbEjp
the magic whip,blur,7.0,2015-05-01,7.0,0.0,craig jenkins,2015-04-28,5xXVH18zf3cRPqoe8LmQW2
the man who died in his boat,grouper,7.0,2013-02-16,8.3,1.0,mark richardson,2013-02-01,2arK6QEmfa25k2feNozs9e
the miraculous,anna von hausswolff,6.0,2015-11-19,7.8,0.0,zoe camp,2015-11-17,2hBtS7GqTXKbQNRlpYMIaD
the money store,death grips,10.0,2012-04-20,8.7,1.0,jayson greene,2012-04-24,1PQDjdBpHPikAodJqjzm6a
the most lamentable tragedy,titus andronicus,4.0,2015-07-30,8.1,0.0,jeremy gordon,2015-07-27,2Mj8ihuIen0pqYKteVTlzB
the north borders,bonobo,6.0,2013-03-27,6.0,0.0,ruth saxelby,2013-04-12,343LOP7AV1WrvUON3J4xia
the odds,the evens,8.0,2012-11-22,8.0,0.0,douglas wolk,2012-11-19,3iqK0TuZ8YTknYc4Cf0YwK
the only place,best coast,3.0,2012-05-22,6.2,0.0,mark richardson,2012-05-16,6fEaHPFPcdyUL14XpGP5KN
the people's record,club 8,5.0,2010-07-05,6.2,0.0,matthew perpetua,2010-05-17,3g74asDQfwMZcENKlT6nhP
the physical world,death from above 1979,6.0,2014-09-10,7.0,0.0,jason heller,2014-09-11,22sYnou2SavBZHHFVUTmWs
the rip tide,beirut,6.0,2011-08-08,7.7,0.0,larry fitzmaurice,2011-08-08,3DsGGsX4QSu85yWd7lBeqi
the satanist,behemoth,9.0,2014-02-11,8.2,0.0,grayson haver currin,2014-02-26,1I1ac81SctTWwGxLkya5vf
the suburbs,arcade fire,8.0,2010-07-29,8.6,1.0,ian cohen,2010-08-02,3DrgM5X3yX1JP1liNLAOHI
the things we do to find people who feel like us,beach slang,7.0,2015-12-16,8.0,0.0,ian cohen,2015-11-05,3YIO1RBJiQoGLimgK6XisN
the underground resistance,darkthrone,6.0,2013-03-01,7.4,0.0,grayson currin,2013-02-25,2GbdKYnwbDn7KV37EcVQN1
the unnatural world,have a nice life,8.0,2014-01-28,7.8,0.0,jason heller,2014-02-06,3fGQCe3TEdboL5RSVFuvRI
the way out,the books,9.0,2010-07-19,7.7,0.0,chris dahlen,2010-07-20,3Ht9pevRimaOYARTDXXWcr
the wilderness,explosions in the sky,4.0,2016-04-07,8.0,0.0,brandon stosuy,2016-03-28,7suYfomZDnOVT8O41cMTha
there's no leaving now,the tallest man on earth,8.0,2012-06-11,7.1,0.0,lindsay zoladz,2012-06-12,6Voznuxp5917IwIlLxSAik
these days...,ab-soul,5.0,2014-06-25,7.7,0.0,jayson greene,2014-06-26,021zMZKO2pUA3yoUQFW2uy
they want my soul,spoon,7.0,2014-08-07,8.6,1.0,ryan dombal,2014-08-04,2qGq0iQFEjrcDprsd7QSFx
this is all yours,alt-j,7.0,2014-10-15,4.0,0.0,ian cohen,2014-09-23,4oktVvRuO1In9B7Hz0xm0a
this is happening,lcd soundsystem,9.0,2010-05-17,9.2,1.0,ryan dombal,2010-05-17,3PupRy8XYrSEmTF5t4QwMD
this is my hand,my brightest diamond,7.0,2014-10-17,7.0,0.0,eric torres,2014-09-15,63RbFKUdpvWwaRcDGU2Piv
this world is not enough,marching church,6.0,2015-04-23,5.6,0.0,zach kelly,2015-04-06,6cqJodXQ59ePX0SwpRaiK9
tierra y libertad,xibalba,6.0,2015-01-30,7.6,0.0,andy o'connor,2015-01-29,0A4FDgaIHNwVoh0rgFeduI
time & materials,cavanaugh,6.0,2015-12-11,7.2,0.0,nate patrin,2015-11-19,1w45MHkIWXi1Nw90H81zhb
time to die,electric wizard,5.0,2014-10-15,7.9,0.0,kim kelly,2014-10-01,0Wog8ZTHQGjngwsB0d7Ueo
to pimp a butterfly,kendrick lamar,10.0,2015-03-18,9.3,1.0,craig jenkins,2015-03-19,76cek8jEdNsxH60aUu8Qtj
together,the new pornographers,7.0,2010-05-13,7.3,0.0,matthew perpetua,2010-05-05,5xB1vlldYNgaPU9HGBmr4x
tomboy,panda bear,5.0,2011-04-06,8.5,1.0,jess harvell,2011-04-11,1dxMK0PJZ9RyarNPXQQeeP
tomorrow's harvest,boards of canada,6.0,2013-06-12,8.3,1.0,mark richardson,2013-06-10,159ORixBSSemxiualv1Woj
tomorrow's modern boxes,thom yorke,6.0,2014-10-04,6.3,0.0,larry fitzmaurice,2014-10-01,48mLH4Pm2BErDEQC7YT1xW
too,fidlar,4.0,2015-09-11,5.8,0.0,zach kelly,2015-09-11,5AX8bgXH4KsIiOOXs4wyB6
too bright,perfume genius,8.0,2014-10-03,8.5,1.0,brandon stosuy,2014-09-23,0GUt4wobSQLDCfDM4AEc31
total life forever,foals,4.0,2010-06-12,7.6,0.0,david bevan,2010-05-20,5Vtuv8sBTytGJ1YdYWfmko
total loss,how to dress well,6.0,2012-09-21,8.4,1.0,ian cohen,2012-09-20,1HYA1ULm5swzoFO6oBHsns
tramp,sharon van etten,7.0,2012-02-09,7.9,0.0,rachael maddux,2012-01-31,1StZHZ13mdQcQPG8QQjndF
transcendental youth,the mountain goats,7.0,2012-10-10,7.8,0.0,lindsay zoladz,2012-10-02,2vMDT0w6SmVWmQESF9Hj5Y
transgender dysphoria blues,against me!,5.0,2014-01-21,7.5,0.0,jeremy d. larson,2014-01-24,4MuH5XuLZFuDc6kB2CSapu
transit transit,autolux,6.0,2010-08-12,5.4,0.0,ian cohen,2010-08-10,38wsYo0RLncPj1U2vCQr3M
trap lord,a$ap ferg,7.0,2013-08-28,7.5,0.0,corban goble,2013-08-22,3smlfAmejcKMmAPg1G2Kki
treats,sleigh bells,3.0,2010-05-19,8.7,1.0,mark richardson,2010-05-14,1IWkF6zpOq73txmrYpljIT
tripper,hella,6.0,2011-09-01,6.0,0.0,aaron leitko,2011-09-12,0hO63UQyDQqhPTip3rZyaL
trouble in paradise,la roux,8.0,2014-07-21,6.5,0.0,mike powell,2014-07-23,5RDoYTf4YYNQby1ECCwR2C
trouble will find me,the national,4.0,2013-05-21,8.4,1.0,ian cohen,2013-05-21,4OI9hKTm1QMRQunqHCfSSL
true romance,charli xcx,3.0,2013-05-13,8.3,1.0,marc hogan,2013-04-25,5t7Bn5XfE7yj2rqydVq0Ue
turn blue,the black keys,4.0,2014-05-14,5.8,0.0,larry fitzmaurice,2014-05-13,6TvxpBzf9c8H1fsrAaQ8t3
ufabulum,squarepusher,6.0,2012-05-15,6.3,0.0,jess harvell,2012-05-18,3NrmqdqrCUNkMMrwtcPsd5
ultima ii massage,tobacco,8.0,2014-05-23,6.9,0.0,jonah bromwich,2014-05-21,4BBxAB26ofkXvBmlatzTpW
ultimate care ii,matmos,8.0,2016-02-25,7.8,0.0,chris randle,2016-02-18,6rUhZEo1ZpJTAc5ssoa0ju
ultraviolence,lana del rey,2.0,2014-06-16,7.1,0.0,mark richardson,2014-06-16,78KtSyGocoTvmcgw1lUHp4
universal themes,sun kil moon,6.0,2015-06-09,6.0,0.0,mark richardson,2015-06-10,1cTJKxncIe5kVOn4dz8D5S
unknown memory,yung lean,4.0,2014-09-22,3.6,0.0,jonah bromwich,2014-09-24,2tKxjvmkxcMWzVmNhsaX02
unknown rooms: a collection of acoustic songs,chelsea wolfe,7.0,2012-10-26,7.7,0.0,jayson greene,2012-10-17,6CL2rdgPpUEXwWsNjexAZ5
unlearn,fergus & geronimo,8.0,2011-01-21,7.2,0.0,larry fitzmaurice,2011-01-24,7K5a4JPaeI7zE2JfQ6BTUk
unsound,mission of burma,6.0,2012-07-20,7.7,0.0,marc masters,2012-07-11,4LY0WgnGiRhhfVJYO4tyKO
until the quiet comes,flying lotus,7.0,2012-09-29,8.5,1.0,mark richardson,2012-10-01,40aG9ahuLnAv96yoFG75Uy
v,wavves,4.0,2015-10-07,6.5,0.0,jeremy gordon,2015-10-05,592d2gtYO83FF8awSzrQZE
vapor city,machinedrum,7.0,2013-09-23,7.8,0.0,nate patrin,2013-10-01,52sjzzH6KtuhXi1jEc3LVx
vega intl. night school,neon indian,7.0,2015-10-20,8.6,1.0,ian cohen,2015-10-14,3z8uIq595pU83Mms7r8w2d
vertikal,cult of luna,5.0,2013-01-21,6.8,0.0,grayson currin,2013-02-11,42gzKaEcCeqH0QaC2gEutv
views,drake,4.0,2016-05-02,6.8,0.0,ryan dombal,2016-05-02,40GMAhriYJRO1rsY4YdrZb
virgins,tim hecker,9.0,2013-10-16,8.3,1.0,mike powell,2013-10-15,2v5w7kFTvULw4d5jHtWhA6
visions,grimes,5.0,2012-02-20,8.5,1.0,lindsay zoladz,2012-02-17,55MRQXZHjldacWC1UamkDX
w,planningtorock,2.0,2011-06-04,6.7,0.0,matthew perpetua,2011-06-03,6DPXvriqJ4VDj3roPdeCZD
w h o k i l l,tune-yards,7.0,2011-04-21,8.8,1.0,matthew perpetua,2011-04-18,6I47QKFJZxYxsyaL50P1lJ
waiting for something to happen,veronica falls,6.0,2013-02-13,7.5,0.0,lindsay zoladz,2013-02-12,3jtvAZXAzNnEMrAsRAr1lJ
wakin on a pretty daze,kurt vile,8.0,2013-04-19,8.5,1.0,jayson greene,2013-04-10,3BSEZLnzVW6QEX12wcKdFi
want,wreck and reference,6.0,2014-07-07,7.7,0.0,andy o'connor,2014-07-17,23hEE9bNc75jFSqUKtMgPO
watching movies with the sound off,mac miller,6.0,2013-06-22,7.0,0.0,craig jenkins,2013-06-24,3ZNMAkjR6M4T0r6Of6jC08
wave[s],mick jenkins,6.0,2015-08-17,7.6,0.0,david drake,2015-08-21,5yXvXFTwuqoAHFuPeliqvZ
we are the 21st century ambassadors of peace & magic,foxygen,8.0,2013-01-16,8.4,1.0,jayson greene,2013-01-22,7FfiN9ztbjLNPWhuhFHaWf
we got it from here... thank you 4 your service,a tribe called quest,9.0,2016-11-21,9.0,1.0,kris ex,2016-11-17,3WvQpufOsPzkZvcSuynCf3
what did you expect from the vaccines?,the vaccines,6.0,2011-04-08,6.2,0.0,marc hogan,2011-05-31,2T0iwqVWzr4Y63x4kKO5DW
what for?,toro y moi,7.0,2015-04-24,6.6,0.0,ian cohen,2015-04-07,6FcMzi4xflGDLfFXRkOLes
what went down,foals,5.0,2015-09-03,6.7,0.0,ian cohen,2015-09-02,0RyCpIKlCV0kgEuzrmp73O
when fish ride bicycles,the cool kids,4.0,2011-07-19,6.9,0.0,tom breihan,2011-07-19,1YIRFdYud9ZmUo4PG5cOqU
when it's dark out,g-eazy,4.0,2015-12-11,6.7,0.0,sheldon pearce,2015-12-10,09Q3WwGYsQe5ognkvVkmCu
white men are black men too,young fathers,8.0,2015-04-07,6.8,0.0,jia tolentino,2015-04-09,3xtwcBeltPMO0I4PnDfV0k
white wilderness,john vanderslice,6.0,2011-02-03,7.2,0.0,joe tangari,2011-01-28,4yxFUmKjbvpDKyGiRu4Bx3
white women,chromeo,5.0,2014-05-22,7.6,0.0,jordan sargent,2014-05-14,1rqJZhedmCFNbaoTRQz9Zj
why do the heathen rage?,the soft pink truth,7.0,2014-06-23,8.2,0.0,grayson haver currin,2014-06-20,7uNcmjJCceIIO3N4qH6q4L
widowmaker,dragged into sunlight,6.0,2012-12-05,6.2,0.0,grayson currin,2012-12-03,2V5dCeetUDfMJdQH0ExA32
wild smile,suckers,7.0,2010-06-08,7.7,0.0,david bevan,2010-06-14,0QZIMRFiqQFoNbznS5enkn
wild water kingdom,heems,5.0,2012-11-29,7.2,0.0,jonah bromwich,2012-11-20,5GOo2Xk33SMeP05fZZirfz
wilderness heart,black mountain,6.0,2010-09-21,7.4,0.0,stuart berman,2010-09-09,19zI1pAARSE3rV72vWX9Ak
wildflower,the avalanches,7.0,2016-07-08,8.5,1.0,mark richardson,2016-07-08,0j0djiGxLnBiW7meVc2PER
wildheart,miguel,5.0,2015-07-06,8.9,1.0,anupa mistry,2015-07-01,5qbbf73MLOCXWvpf0lFmOB
with love,zomby,5.0,2013-06-21,7.9,0.0,andrew gaerig,2013-06-19,2e2V7HFyfnqIAU21HXo310
within and without,washed out,6.0,2011-07-12,8.3,1.0,brandon soderberg,2011-07-11,7bgoDV3tAhzkBr93WenyXr
wixiw,liars,7.0,2012-06-07,7.8,0.0,larry fitzmaurice,2012-06-04,3ML5dQEdtRzUAAeNIiHdVG
woman,justice,5.0,2016-11-23,5.2,0.0,mehan jayasuriya,2016-11-29,23EaoI8dXfDGfxF54sd1DP
woman,rhye,6.0,2013-03-19,8.5,1.0,miles raymer,2013-03-05,5NeJhbRb8DMgxr7CltOR5G
wonder where we land,sbtrkt,5.0,2014-10-08,5.5,0.0,nate patrin,2014-10-09,78e7BYsTYok3QEQyvWbhqb
world music,goat,5.0,2012-11-19,8.1,0.0,grayson currin,2012-10-26,6E80uDKNQDGjggp5isU2Mb
"world, you need a change of mind",kindness,7.0,2012-04-10,6.4,0.0,mark richardson,2012-05-03,1rUvLnZAhuwz2Gm2kWZ33u
worlds,porter robinson,5.0,2014-08-11,6.9,0.0,larry fitzmaurice,2014-08-11,7AJPV0L05IyIBid97AvwVD
wreck,unsane,7.0,2012-03-23,7.6,0.0,hank shteamer,2012-03-19,3N3vFZltoPW3O7ZLCuleoy
years past matter,krallice,8.0,2012-09-13,8.2,0.0,grayson currin,2012-08-28,5pnUhJJEGMRlqxVZ0TiGMH
yeezus,kanye west,5.0,2013-06-18,9.5,1.0,ryan dombal,2013-06-18,7D2NdGvBHIavgLhmcwhluK
yes lawd!,nxworries,7.0,2016-10-17,8.2,1.0,jonah bromwich,2016-10-18,0gpxUkqSnLwD50aaRir6jH
yessir whatever,quasimoto,7.0,2013-05-30,7.4,0.0,nate patrin,2013-06-18,6jnkEgtcxePHtbay62bota
ygg huur,krallice,6.0,2015-09-03,8.2,0.0,grayson haver currin,2015-08-06,0hQQ792F9BFukt4QB3fgxK
you are all i see,active child,6.0,2011-08-23,7.2,0.0,brian howe,2011-08-26,3UXyjlBoWNAuIVq2vNCXBe
you will never be one of us,nails,8.0,2016-06-21,7.8,0.0,colin joyce,2016-06-18,0mcy7rGwHhNsPQTaNbvaac
you're better than this,pile,6.0,2015-03-05,7.4,0.0,paul thompson,2015-03-02,1rhRbObNIBv3go6twKKfb5
you're nothing,iceage,8.0,2013-02-22,8.6,1.0,brandon stosuy,2013-02-18,0aUW20pZCgBPGgxUucUIbE
zeros,the soft moon,4.0,2012-11-01,7.0,0.0,brandon stosuy,2012-11-02,0ftaDgVf1d3Hkod3iLkPrI
zonoscope,cut copy,5.0,2011-02-08,8.6,1.0,tom breihan,2011-02-07,5SFPr07PUPCT4YSaZjYeRR
{awayland},villagers,7.0,2013-01-17,5.5,0.0,ian cohen,2013-01-14,7Hw5WowWzfIqaurdd4ct7q
